project,issue_key,issue_type,label,prob_design,threshold,pred,val_project
CONFSERVER,CONFSERVER-60420,Bug,0,0.001571,0.2136,0,MESOS
CONFSERVER,CONFSERVER-60419,Suggestion,1,0.970907,0.2136,1,MESOS
CONFSERVER,CONFSERVER-60418,Bug,0,0.001979,0.2136,0,MESOS
CONFSERVER,CONFSERVER-60417,Bug,0,0.001489,0.2136,0,MESOS
CONFSERVER,CONFSERVER-60415,Suggestion,1,0.998371,0.2136,1,MESOS
CONFSERVER,CONFSERVER-60414,Bug,0,0.001429,0.2136,0,MESOS
CONFSERVER,CONFSERVER-60413,Bug,0,0.001214,0.2136,0,MESOS
CONFSERVER,CONFSERVER-60412,Suggestion,1,0.998248,0.2136,1,MESOS
CONFSERVER,CONFSERVER-60410,Suggestion,1,0.003859,0.2136,0,MESOS
CONFSERVER,CONFSERVER-60407,Suggestion,0,0.013688,0.2136,0,MESOS
CONFSERVER,CONFSERVER-60406,Suggestion,0,0.003645,0.2136,0,MESOS
CONFSERVER,CONFSERVER-60405,Suggestion,0,0.004992,0.2136,0,MESOS
CONFSERVER,CONFSERVER-60399,Bug,0,0.001328,0.2136,0,MESOS
CONFSERVER,CONFSERVER-60398,Suggestion,0,0.994597,0.2136,1,MESOS
CONFSERVER,CONFSERVER-60397,Suggestion,0,0.998511,0.2136,1,MESOS
CONFSERVER,CONFSERVER-60395,Suggestion,0,0.005399,0.2136,0,MESOS
CONFSERVER,CONFSERVER-60394,Bug,0,0.001153,0.2136,0,MESOS
CONFSERVER,CONFSERVER-60393,Suggestion,0,0.03196,0.2136,0,MESOS
CONFSERVER,CONFSERVER-60392,Bug,0,0.00152,0.2136,0,MESOS
CONFSERVER,CONFSERVER-60391,Bug,0,0.001257,0.2136,0,MESOS
CONFSERVER,CONFSERVER-60390,Bug,0,0.001405,0.2136,0,MESOS
CONFSERVER,CONFSERVER-60389,Suggestion,1,0.997561,0.2136,1,MESOS
CONFSERVER,CONFSERVER-60388,Suggestion,0,0.008455,0.2136,0,MESOS
CONFSERVER,CONFSERVER-60386,Bug,0,0.001811,0.2136,0,MESOS
CONFSERVER,CONFSERVER-60383,Bug,0,0.001213,0.2136,0,MESOS
CONFSERVER,CONFSERVER-60382,Bug,0,0.001622,0.2136,0,MESOS
CONFSERVER,CONFSERVER-60381,Suggestion,0,0.024583,0.2136,0,MESOS
CONFSERVER,CONFSERVER-60380,Bug,0,0.001597,0.2136,0,MESOS
CONFSERVER,CONFSERVER-60379,Bug,0,0.001121,0.2136,0,MESOS
CONFSERVER,CONFSERVER-60377,Suggestion,0,0.002033,0.2136,0,MESOS
CONFSERVER,CONFSERVER-60376,Suggestion,0,0.983355,0.2136,1,MESOS
CONFSERVER,CONFSERVER-60375,Bug,0,0.002097,0.2136,0,MESOS
CONFSERVER,CONFSERVER-60374,Bug,0,0.001583,0.2136,0,MESOS
CONFSERVER,CONFSERVER-60372,Bug,0,0.001361,0.2136,0,MESOS
CONFSERVER,CONFSERVER-60370,Suggestion,1,0.99508,0.2136,1,MESOS
CONFSERVER,CONFSERVER-60369,Bug,0,0.001342,0.2136,0,MESOS
CONFSERVER,CONFSERVER-60367,Suggestion,0,0.955392,0.2136,1,MESOS
CONFSERVER,CONFSERVER-60366,Suggestion,1,0.995648,0.2136,1,MESOS
CONFSERVER,CONFSERVER-60365,Bug,0,0.001799,0.2136,0,MESOS
CONFSERVER,CONFSERVER-60364,Bug,0,0.001108,0.2136,0,MESOS
CONFSERVER,CONFSERVER-60363,Bug,0,0.001118,0.2136,0,MESOS
CONFSERVER,CONFSERVER-60362,Bug,0,0.001055,0.2136,0,MESOS
CONFSERVER,CONFSERVER-60360,Bug,0,0.001416,0.2136,0,MESOS
CONFSERVER,CONFSERVER-60359,Suggestion,1,0.749209,0.2136,1,MESOS
CONFSERVER,CONFSERVER-60357,Bug,0,0.001329,0.2136,0,MESOS
CONFSERVER,CONFSERVER-60356,Suggestion,0,0.017034,0.2136,0,MESOS
CONFSERVER,CONFSERVER-60349,Bug,0,0.001091,0.2136,0,MESOS
CONFSERVER,CONFSERVER-60348,Bug,0,0.001061,0.2136,0,MESOS
CONFSERVER,CONFSERVER-60347,Bug,0,0.001422,0.2136,0,MESOS
CONFSERVER,CONFSERVER-60346,Suggestion,0,0.504689,0.2136,1,MESOS
CONFSERVER,CONFSERVER-60345,Suggestion,0,0.004657,0.2136,0,MESOS
CONFSERVER,CONFSERVER-60344,Bug,0,0.002052,0.2136,0,MESOS
CONFSERVER,CONFSERVER-60396,Bug,0,0.001514,0.2136,0,MESOS
CONFSERVER,CONFSERVER-60343,Bug,0,0.00244,0.2136,0,MESOS
CONFSERVER,CONFSERVER-60342,Bug,0,0.001113,0.2136,0,MESOS
CONFSERVER,CONFSERVER-60340,Suggestion,0,0.40656,0.2136,1,MESOS
CONFSERVER,CONFSERVER-60339,Bug,0,0.001495,0.2136,0,MESOS
CONFSERVER,CONFSERVER-60338,Bug,0,0.001678,0.2136,0,MESOS
CONFSERVER,CONFSERVER-60337,Bug,0,0.00139,0.2136,0,MESOS
CONFSERVER,CONFSERVER-60334,Bug,0,0.001234,0.2136,0,MESOS
CONFSERVER,CONFSERVER-60333,Suggestion,1,0.084888,0.2136,0,MESOS
CONFSERVER,CONFSERVER-60332,Bug,0,0.001236,0.2136,0,MESOS
CONFSERVER,CONFSERVER-60331,Suggestion,0,0.899212,0.2136,1,MESOS
CONFSERVER,CONFSERVER-60330,Suggestion,1,0.081391,0.2136,0,MESOS
CONFSERVER,CONFSERVER-60329,Bug,0,0.001242,0.2136,0,MESOS
CONFSERVER,CONFSERVER-60328,Bug,0,0.001076,0.2136,0,MESOS
CONFSERVER,CONFSERVER-60327,Bug,0,0.001218,0.2136,0,MESOS
CONFSERVER,CONFSERVER-60326,Suggestion,1,0.234906,0.2136,1,MESOS
CONFSERVER,CONFSERVER-60321,Suggestion,0,0.027661,0.2136,0,MESOS
CONFSERVER,CONFSERVER-60319,Bug,0,0.001119,0.2136,0,MESOS
CONFSERVER,CONFSERVER-60318,Bug,0,0.001245,0.2136,0,MESOS
CONFSERVER,CONFSERVER-60317,Bug,0,0.001228,0.2136,0,MESOS
CONFSERVER,CONFSERVER-60316,Bug,0,0.001346,0.2136,0,MESOS
CONFSERVER,CONFSERVER-60315,Bug,0,0.001957,0.2136,0,MESOS
CONFSERVER,CONFSERVER-60311,Bug,0,0.001822,0.2136,0,MESOS
CONFSERVER,CONFSERVER-60310,Suggestion,0,0.012384,0.2136,0,MESOS
CONFSERVER,CONFSERVER-60309,Suggestion,0,0.050473,0.2136,0,MESOS
CONFSERVER,CONFSERVER-60308,Bug,0,0.002114,0.2136,0,MESOS
CONFSERVER,CONFSERVER-60307,Suggestion,0,0.019569,0.2136,0,MESOS
CONFSERVER,CONFSERVER-60305,Suggestion,0,0.894925,0.2136,1,MESOS
CONFSERVER,CONFSERVER-60304,Bug,0,0.00111,0.2136,0,MESOS
CONFSERVER,CONFSERVER-60303,Bug,0,0.00171,0.2136,0,MESOS
CONFSERVER,CONFSERVER-60302,Suggestion,0,0.004238,0.2136,0,MESOS
CONFSERVER,CONFSERVER-60301,Bug,0,0.001172,0.2136,0,MESOS
CONFSERVER,CONFSERVER-60314,Bug,0,0.002938,0.2136,0,MESOS
CONFSERVER,CONFSERVER-60300,Suggestion,1,0.983696,0.2136,1,MESOS
CONFSERVER,CONFSERVER-60299,Bug,0,0.001516,0.2136,0,MESOS
CONFSERVER,CONFSERVER-60298,Bug,0,0.002489,0.2136,0,MESOS
CONFSERVER,CONFSERVER-60297,Suggestion,0,0.054224,0.2136,0,MESOS
CONFSERVER,CONFSERVER-60296,Bug,0,0.001328,0.2136,0,MESOS
CONFSERVER,CONFSERVER-60295,Suggestion,0,0.87544,0.2136,1,MESOS
CONFSERVER,CONFSERVER-60294,Bug,0,0.00119,0.2136,0,MESOS
CONFSERVER,CONFSERVER-60290,Bug,0,0.001564,0.2136,0,MESOS
CONFSERVER,CONFSERVER-60289,Bug,0,0.00138,0.2136,0,MESOS
CONFSERVER,CONFSERVER-60288,Suggestion,1,0.966934,0.2136,1,MESOS
CONFSERVER,CONFSERVER-60287,Suggestion,0,0.005724,0.2136,0,MESOS
CONFSERVER,CONFSERVER-60286,Bug,0,0.001253,0.2136,0,MESOS
CONFSERVER,CONFSERVER-60283,Suggestion,0,0.994039,0.2136,1,MESOS
CONFSERVER,CONFSERVER-60282,Bug,0,0.001152,0.2136,0,MESOS
CONFSERVER,CONFSERVER-60281,Bug,0,0.001331,0.2136,0,MESOS
CONFSERVER,CONFSERVER-60280,Suggestion,0,0.054982,0.2136,0,MESOS
CONFSERVER,CONFSERVER-60279,Bug,0,0.001528,0.2136,0,MESOS
CONFSERVER,CONFSERVER-60277,Suggestion,0,0.006362,0.2136,0,MESOS
CONFSERVER,CONFSERVER-60276,Suggestion,0,0.992074,0.2136,1,MESOS
CONFSERVER,CONFSERVER-60275,Bug,0,0.001132,0.2136,0,MESOS
CONFSERVER,CONFSERVER-60274,Bug,0,0.001843,0.2136,0,MESOS
CONFSERVER,CONFSERVER-60273,Suggestion,1,0.31172,0.2136,1,MESOS
CONFSERVER,CONFSERVER-60272,Suggestion,1,0.008741,0.2136,0,MESOS
CONFSERVER,CONFSERVER-60271,Suggestion,1,0.989549,0.2136,1,MESOS
CONFSERVER,CONFSERVER-60270,Suggestion,0,0.997854,0.2136,1,MESOS
CONFSERVER,CONFSERVER-60269,Suggestion,1,0.024879,0.2136,0,MESOS
CONFSERVER,CONFSERVER-60268,Suggestion,0,0.998265,0.2136,1,MESOS
CONFSERVER,CONFSERVER-60267,Bug,0,0.001938,0.2136,0,MESOS
CONFSERVER,CONFSERVER-60264,Bug,0,0.001677,0.2136,0,MESOS
CONFSERVER,CONFSERVER-60278,Suggestion,0,0.964759,0.2136,1,MESOS
CONFSERVER,CONFSERVER-60263,Suggestion,1,0.997481,0.2136,1,MESOS
CONFSERVER,CONFSERVER-60262,Bug,0,0.001526,0.2136,0,MESOS
CONFSERVER,CONFSERVER-60261,Bug,0,0.001073,0.2136,0,MESOS
CONFSERVER,CONFSERVER-60260,Suggestion,1,0.974519,0.2136,1,MESOS
CONFSERVER,CONFSERVER-60259,Suggestion,1,0.952619,0.2136,1,MESOS
CONFSERVER,CONFSERVER-60258,Suggestion,1,0.020369,0.2136,0,MESOS
CONFSERVER,CONFSERVER-60257,Suggestion,0,0.010989,0.2136,0,MESOS
CONFSERVER,CONFSERVER-60256,Bug,0,0.001326,0.2136,0,MESOS
CONFSERVER,CONFSERVER-60255,Bug,0,0.00124,0.2136,0,MESOS
CONFSERVER,CONFSERVER-60254,Bug,0,0.00136,0.2136,0,MESOS
CONFSERVER,CONFSERVER-60253,Bug,0,0.001425,0.2136,0,MESOS
CONFSERVER,CONFSERVER-60252,Bug,0,0.001296,0.2136,0,MESOS
CONFSERVER,CONFSERVER-60251,Suggestion,0,0.113205,0.2136,0,MESOS
CONFSERVER,CONFSERVER-60250,Bug,0,0.00123,0.2136,0,MESOS
CONFSERVER,CONFSERVER-60249,Suggestion,0,0.016193,0.2136,0,MESOS
CONFSERVER,CONFSERVER-60306,Bug,0,0.001158,0.2136,0,MESOS
CONFSERVER,CONFSERVER-60248,Suggestion,1,0.565082,0.2136,1,MESOS
CONFSERVER,CONFSERVER-60245,Suggestion,1,0.26675,0.2136,1,MESOS
CONFSERVER,CONFSERVER-60244,Suggestion,0,0.019377,0.2136,0,MESOS
CONFSERVER,CONFSERVER-60243,Bug,0,0.001534,0.2136,0,MESOS
CONFSERVER,CONFSERVER-60242,Bug,0,0.001156,0.2136,0,MESOS
CONFSERVER,CONFSERVER-60241,Bug,0,0.001437,0.2136,0,MESOS
CONFSERVER,CONFSERVER-60240,Bug,0,0.001252,0.2136,0,MESOS
CONFSERVER,CONFSERVER-60239,Suggestion,0,0.019774,0.2136,0,MESOS
CONFSERVER,CONFSERVER-60238,Bug,0,0.001322,0.2136,0,MESOS
CONFSERVER,CONFSERVER-60237,Suggestion,1,0.991773,0.2136,1,MESOS
CONFSERVER,CONFSERVER-60236,Bug,0,0.001342,0.2136,0,MESOS
CONFSERVER,CONFSERVER-60235,Suggestion,1,0.996929,0.2136,1,MESOS
CONFSERVER,CONFSERVER-60234,Bug,0,0.001473,0.2136,0,MESOS
CONFSERVER,CONFSERVER-59803,Suggestion,1,0.991718,0.2136,1,MESOS
CONFSERVER,CONFSERVER-59796,Suggestion,1,0.998183,0.2136,1,MESOS
CONFSERVER,CONFSERVER-59574,Suggestion,1,0.998725,0.2136,1,MESOS
CONFSERVER,CONFSERVER-59482,Suggestion,1,0.999013,0.2136,1,MESOS
CONFSERVER,CONFSERVER-59459,Suggestion,1,0.998694,0.2136,1,MESOS
CONFSERVER,CONFSERVER-59319,Suggestion,1,0.996851,0.2136,1,MESOS
CONFSERVER,CONFSERVER-59046,Suggestion,1,0.998339,0.2136,1,MESOS
CONFSERVER,CONFSERVER-59045,Suggestion,1,0.998576,0.2136,1,MESOS
CONFSERVER,CONFSERVER-59020,Suggestion,1,0.998899,0.2136,1,MESOS
CONFSERVER,CONFSERVER-59013,Suggestion,1,0.994157,0.2136,1,MESOS
CONFSERVER,CONFSERVER-58821,Suggestion,1,0.999032,0.2136,1,MESOS
CONFSERVER,CONFSERVER-58795,Suggestion,1,0.997686,0.2136,1,MESOS
CONFSERVER,CONFSERVER-58718,Suggestion,1,0.998937,0.2136,1,MESOS
CONFSERVER,CONFSERVER-58708,Suggestion,1,0.998833,0.2136,1,MESOS
CONFSERVER,CONFSERVER-58551,Suggestion,1,0.998701,0.2136,1,MESOS
CONFSERVER,CONFSERVER-58317,Suggestion,1,0.913,0.2136,1,MESOS
CONFSERVER,CONFSERVER-58292,Suggestion,1,0.998785,0.2136,1,MESOS
CONFSERVER,CONFSERVER-58223,Suggestion,1,0.998847,0.2136,1,MESOS
CONFSERVER,CONFSERVER-58157,Suggestion,1,0.99694,0.2136,1,MESOS
CONFSERVER,CONFSERVER-58050,Suggestion,1,0.99892,0.2136,1,MESOS
CONFSERVER,CONFSERVER-58007,Suggestion,1,0.996702,0.2136,1,MESOS
CONFSERVER,CONFSERVER-57928,Suggestion,1,0.999032,0.2136,1,MESOS
CONFSERVER,CONFSERVER-57873,Suggestion,1,0.994575,0.2136,1,MESOS
CONFSERVER,CONFSERVER-57806,Suggestion,1,0.99858,0.2136,1,MESOS
CONFSERVER,CONFSERVER-57530,Suggestion,1,0.998885,0.2136,1,MESOS
CONFSERVER,CONFSERVER-57527,Suggestion,1,0.99864,0.2136,1,MESOS
CONFSERVER,CONFSERVER-57448,Suggestion,1,0.998358,0.2136,1,MESOS
CONFSERVER,CONFSERVER-56527,Suggestion,1,0.998494,0.2136,1,MESOS
CONFSERVER,CONFSERVER-56488,Suggestion,1,0.995087,0.2136,1,MESOS
CONFSERVER,CONFSERVER-56473,Suggestion,1,0.995861,0.2136,1,MESOS
CONFSERVER,CONFSERVER-56205,Suggestion,1,0.998884,0.2136,1,MESOS
CONFSERVER,CONFSERVER-56131,Suggestion,1,0.99873,0.2136,1,MESOS
CONFSERVER,CONFSERVER-56110,Suggestion,1,0.998091,0.2136,1,MESOS
CONFSERVER,CONFSERVER-56064,Suggestion,1,0.995607,0.2136,1,MESOS
CONFSERVER,CONFSERVER-56023,Suggestion,1,0.999023,0.2136,1,MESOS
DM,DM-27271,Story,0,0.117324,0.1864,0,CONFSERVER
DM,DM-27270,Bug,0,0.002786,0.1864,0,CONFSERVER
DM,DM-27269,Story,0,0.013322,0.1864,0,CONFSERVER
DM,DM-27268,Story,0,0.338594,0.1864,1,CONFSERVER
DM,DM-27267,Story,0,0.00726,0.1864,0,CONFSERVER
DM,DM-27266,Story,0,0.024755,0.1864,0,CONFSERVER
DM,DM-27265,Bug,0,0.002462,0.1864,0,CONFSERVER
DM,DM-27264,Story,0,0.070337,0.1864,0,CONFSERVER
DM,DM-27263,Story,0,0.105681,0.1864,0,CONFSERVER
DM,DM-27262,Story,0,0.006277,0.1864,0,CONFSERVER
DM,DM-27261,Story,0,0.014909,0.1864,0,CONFSERVER
DM,DM-27257,Story,0,0.976265,0.1864,1,CONFSERVER
DM,DM-27256,Story,0,0.94716,0.1864,1,CONFSERVER
DM,DM-27255,Story,1,0.99594,0.1864,1,CONFSERVER
DM,DM-27254,Story,0,0.188401,0.1864,1,CONFSERVER
DM,DM-27253,Technical task,0,0.998102,0.1864,1,CONFSERVER
DM,DM-27252,Story,0,0.986064,0.1864,1,CONFSERVER
DM,DM-27251,Technical task,0,0.98013,0.1864,1,CONFSERVER
DM,DM-27250,Story,0,0.008285,0.1864,0,CONFSERVER
DM,DM-27249,Story,0,0.008507,0.1864,0,CONFSERVER
DM,DM-27247,Improvement,0,0.039158,0.1864,0,CONFSERVER
DM,DM-27246,Bug,0,0.002321,0.1864,0,CONFSERVER
DM,DM-27245,Story,0,0.036006,0.1864,0,CONFSERVER
DM,DM-27243,Bug,0,0.003246,0.1864,0,CONFSERVER
DM,DM-27241,Story,1,0.998582,0.1864,1,CONFSERVER
DM,DM-27240,Bug,0,0.002853,0.1864,0,CONFSERVER
DM,DM-27238,Story,0,0.013512,0.1864,0,CONFSERVER
DM,DM-27236,Story,0,0.008788,0.1864,0,CONFSERVER
DM,DM-27232,Story,0,0.966358,0.1864,1,CONFSERVER
DM,DM-27231,Story,0,0.99012,0.1864,1,CONFSERVER
DM,DM-27230,Story,0,0.039831,0.1864,0,CONFSERVER
DM,DM-27229,Story,0,0.005496,0.1864,0,CONFSERVER
DM,DM-27228,Story,0,0.012588,0.1864,0,CONFSERVER
DM,DM-27226,Story,0,0.009172,0.1864,0,CONFSERVER
DM,DM-27225,Story,0,0.013822,0.1864,0,CONFSERVER
DM,DM-27224,Story,1,0.997098,0.1864,1,CONFSERVER
DM,DM-27223,Story,0,0.219596,0.1864,1,CONFSERVER
DM,DM-27222,Story,0,0.00649,0.1864,0,CONFSERVER
DM,DM-27221,Story,0,0.952677,0.1864,1,CONFSERVER
DM,DM-27220,Story,0,0.010072,0.1864,0,CONFSERVER
DM,DM-27219,Story,0,0.09512,0.1864,0,CONFSERVER
DM,DM-27218,Story,0,0.998252,0.1864,1,CONFSERVER
DM,DM-27217,Story,1,0.986407,0.1864,1,CONFSERVER
DM,DM-27216,Story,0,0.024748,0.1864,0,CONFSERVER
DM,DM-27215,Story,0,0.937111,0.1864,1,CONFSERVER
DM,DM-27214,Story,0,0.003723,0.1864,0,CONFSERVER
DM,DM-27213,Story,0,0.99518,0.1864,1,CONFSERVER
DM,DM-27212,Story,0,0.315596,0.1864,1,CONFSERVER
DM,DM-27211,Bug,0,0.001624,0.1864,0,CONFSERVER
DM,DM-27210,Story,0,0.533552,0.1864,1,CONFSERVER
DM,DM-27209,Story,0,0.004197,0.1864,0,CONFSERVER
DM,DM-27208,Story,0,0.052505,0.1864,0,CONFSERVER
DM,DM-27207,Story,0,0.008655,0.1864,0,CONFSERVER
DM,DM-27206,Story,0,0.296411,0.1864,1,CONFSERVER
DM,DM-27205,Story,0,0.032764,0.1864,0,CONFSERVER
DM,DM-27204,Story,0,0.033825,0.1864,0,CONFSERVER
DM,DM-27203,Story,0,0.043649,0.1864,0,CONFSERVER
DM,DM-27202,Story,0,0.010749,0.1864,0,CONFSERVER
DM,DM-27201,Story,0,0.011092,0.1864,0,CONFSERVER
DM,DM-27200,Story,0,0.049447,0.1864,0,CONFSERVER
DM,DM-27199,Story,0,0.015797,0.1864,0,CONFSERVER
DM,DM-27198,Story,0,0.01327,0.1864,0,CONFSERVER
DM,DM-27197,Improvement,0,0.006407,0.1864,0,CONFSERVER
DM,DM-27196,Story,0,0.004692,0.1864,0,CONFSERVER
DM,DM-27194,Story,0,0.002751,0.1864,0,CONFSERVER
DM,DM-27193,Story,0,0.005161,0.1864,0,CONFSERVER
DM,DM-27192,Story,0,0.001872,0.1864,0,CONFSERVER
DM,DM-27190,Story,0,0.975107,0.1864,1,CONFSERVER
DM,DM-27189,Story,0,0.99399,0.1864,1,CONFSERVER
DM,DM-27188,Improvement,0,0.358974,0.1864,1,CONFSERVER
DM,DM-27187,Story,0,0.012936,0.1864,0,CONFSERVER
DM,DM-27186,Story,0,0.00604,0.1864,0,CONFSERVER
DM,DM-27185,Bug,0,0.002813,0.1864,0,CONFSERVER
DM,DM-27184,Bug,0,0.003259,0.1864,0,CONFSERVER
DM,DM-27183,Story,1,0.791697,0.1864,1,CONFSERVER
DM,DM-27182,Story,0,0.198338,0.1864,1,CONFSERVER
DM,DM-27181,Story,0,0.859076,0.1864,1,CONFSERVER
DM,DM-27180,Bug,0,0.002674,0.1864,0,CONFSERVER
DM,DM-27179,Story,0,0.930534,0.1864,1,CONFSERVER
DM,DM-27178,Story,0,0.035135,0.1864,0,CONFSERVER
DM,DM-27177,Story,0,0.012413,0.1864,0,CONFSERVER
DM,DM-27176,Story,0,0.004982,0.1864,0,CONFSERVER
DM,DM-27175,Story,0,0.005205,0.1864,0,CONFSERVER
DM,DM-27174,Story,0,0.059217,0.1864,0,CONFSERVER
DM,DM-27173,Improvement,0,0.013502,0.1864,0,CONFSERVER
DM,DM-27172,Story,0,0.044591,0.1864,0,CONFSERVER
DM,DM-27171,Story,1,0.024628,0.1864,0,CONFSERVER
DM,DM-27170,Story,0,0.023766,0.1864,0,CONFSERVER
DM,DM-27169,Story,0,0.042575,0.1864,0,CONFSERVER
DM,DM-27168,Story,0,0.768887,0.1864,1,CONFSERVER
DM,DM-27167,Story,0,0.985614,0.1864,1,CONFSERVER
DM,DM-27166,Story,0,0.015112,0.1864,0,CONFSERVER
DM,DM-27165,Bug,0,0.00262,0.1864,0,CONFSERVER
DM,DM-27164,Story,0,0.086387,0.1864,0,CONFSERVER
DM,DM-27163,Story,0,0.004449,0.1864,0,CONFSERVER
DM,DM-27162,Story,0,0.009969,0.1864,0,CONFSERVER
DM,DM-27161,Improvement,0,0.980365,0.1864,1,CONFSERVER
DM,DM-27160,Story,1,0.919982,0.1864,1,CONFSERVER
DM,DM-27159,Bug,0,0.002773,0.1864,0,CONFSERVER
DM,DM-27158,Bug,0,0.003044,0.1864,0,CONFSERVER
DM,DM-27157,Bug,0,0.002499,0.1864,0,CONFSERVER
DM,DM-27156,Story,0,0.014481,0.1864,0,CONFSERVER
DM,DM-27155,Story,0,0.036004,0.1864,0,CONFSERVER
DM,DM-27154,Story,1,0.994296,0.1864,1,CONFSERVER
DM,DM-27153,Story,1,0.99222,0.1864,1,CONFSERVER
DM,DM-27152,Story,1,0.425548,0.1864,1,CONFSERVER
DM,DM-27151,Story,1,0.015534,0.1864,0,CONFSERVER
DM,DM-27150,Story,0,0.036956,0.1864,0,CONFSERVER
DM,DM-27149,Story,0,0.018957,0.1864,0,CONFSERVER
DM,DM-27148,Story,0,0.004978,0.1864,0,CONFSERVER
DM,DM-27147,Story,1,0.995158,0.1864,1,CONFSERVER
DM,DM-27146,Story,0,0.01753,0.1864,0,CONFSERVER
DM,DM-27145,Story,0,0.029849,0.1864,0,CONFSERVER
DM,DM-27144,Story,0,0.907357,0.1864,1,CONFSERVER
DM,DM-27143,Story,0,0.015971,0.1864,0,CONFSERVER
DM,DM-27142,Story,0,0.007576,0.1864,0,CONFSERVER
DM,DM-27141,Story,0,0.836128,0.1864,1,CONFSERVER
DM,DM-27138,Story,0,0.005615,0.1864,0,CONFSERVER
DM,DM-27137,Bug,0,0.003029,0.1864,0,CONFSERVER
DM,DM-27136,Story,0,0.013824,0.1864,0,CONFSERVER
DM,DM-27135,Story,0,0.005137,0.1864,0,CONFSERVER
DM,DM-27134,Story,0,0.008395,0.1864,0,CONFSERVER
DM,DM-27133,Bug,0,0.002572,0.1864,0,CONFSERVER
DM,DM-27132,Story,0,0.053508,0.1864,0,CONFSERVER
DM,DM-27131,Story,0,0.004373,0.1864,0,CONFSERVER
DM,DM-27130,Bug,0,0.002674,0.1864,0,CONFSERVER
DM,DM-27129,Story,0,0.084571,0.1864,0,CONFSERVER
DM,DM-27128,Story,0,0.008929,0.1864,0,CONFSERVER
DM,DM-27127,Story,0,0.006302,0.1864,0,CONFSERVER
DM,DM-27125,Story,0,0.997831,0.1864,1,CONFSERVER
DM,DM-27124,Story,0,0.264383,0.1864,1,CONFSERVER
DM,DM-27122,Story,0,0.03139,0.1864,0,CONFSERVER
DM,DM-27121,Story,0,0.003384,0.1864,0,CONFSERVER
DM,DM-27120,Story,0,0.002781,0.1864,0,CONFSERVER
DM,DM-27119,Story,0,0.002543,0.1864,0,CONFSERVER
DM,DM-27118,Story,0,0.200498,0.1864,1,CONFSERVER
DM,DM-27117,Improvement,0,0.036721,0.1864,0,CONFSERVER
DM,DM-27116,Story,0,0.052916,0.1864,0,CONFSERVER
DM,DM-27115,Story,0,0.023208,0.1864,0,CONFSERVER
DM,DM-27114,Story,0,0.25744,0.1864,1,CONFSERVER
DM,DM-27113,Story,0,0.003755,0.1864,0,CONFSERVER
DM,DM-27111,Story,0,0.165273,0.1864,0,CONFSERVER
DM,DM-27110,Story,0,0.132666,0.1864,0,CONFSERVER
DM,DM-27109,Story,0,0.035482,0.1864,0,CONFSERVER
DM,DM-27108,Story,0,0.006676,0.1864,0,CONFSERVER
DM,DM-27107,Story,0,0.981049,0.1864,1,CONFSERVER
DM,DM-27084,Story,1,0.995802,0.1864,1,CONFSERVER
DM,DM-27057,Epic,1,0.998753,0.1864,1,CONFSERVER
DM,DM-26666,Story,1,0.997038,0.1864,1,CONFSERVER
DM,DM-26570,Story,1,0.139404,0.1864,0,CONFSERVER
DM,DM-26177,Story,1,0.996595,0.1864,1,CONFSERVER
DM,DM-25683,Story,1,0.798206,0.1864,1,CONFSERVER
DM,DM-25655,Story,1,0.996958,0.1864,1,CONFSERVER
DM,DM-25616,Story,1,0.161615,0.1864,0,CONFSERVER
DM,DM-25514,Improvement,1,0.997463,0.1864,1,CONFSERVER
DM,DM-25437,Story,1,0.884592,0.1864,1,CONFSERVER
DM,DM-25404,Story,1,0.013671,0.1864,0,CONFSERVER
DM,DM-25384,Story,1,0.651687,0.1864,1,CONFSERVER
DM,DM-25275,Epic,1,0.998079,0.1864,1,CONFSERVER
DM,DM-25232,Improvement,1,0.996215,0.1864,1,CONFSERVER
DM,DM-25201,Story,1,0.873871,0.1864,1,CONFSERVER
DM,DM-25142,Epic,1,0.998242,0.1864,1,CONFSERVER
DM,DM-25049,Improvement,1,0.998924,0.1864,1,CONFSERVER
DM,DM-24973,Story,1,0.997379,0.1864,1,CONFSERVER
DM,DM-24914,Story,1,0.020033,0.1864,0,CONFSERVER
DM,DM-24901,Story,1,0.930659,0.1864,1,CONFSERVER
DM,DM-24757,Epic,1,0.800587,0.1864,1,CONFSERVER
DM,DM-24684,Improvement,1,0.998584,0.1864,1,CONFSERVER
DM,DM-24676,Story,1,0.996042,0.1864,1,CONFSERVER
DM,DM-24653,Story,1,0.161884,0.1864,0,CONFSERVER
DM,DM-24650,Story,1,0.987071,0.1864,1,CONFSERVER
DM,DM-24648,Story,1,0.005847,0.1864,0,CONFSERVER
DM,DM-24590,Story,1,0.998113,0.1864,1,CONFSERVER
DM,DM-24383,Story,1,0.989602,0.1864,1,CONFSERVER
DM,DM-24344,Epic,1,0.998708,0.1864,1,CONFSERVER
DM,DM-24341,Epic,1,0.998473,0.1864,1,CONFSERVER
DM,DM-24305,Story,1,0.997981,0.1864,1,CONFSERVER
DM,DM-24284,Story,1,0.080896,0.1864,0,CONFSERVER
DM,DM-24185,Story,1,0.002712,0.1864,0,CONFSERVER
DM,DM-24183,Story,1,0.031787,0.1864,0,CONFSERVER
DM,DM-24182,Story,1,0.018054,0.1864,0,CONFSERVER
DNN,DNN-10835,Bug,0,0.003081,0.4591,0,CONFSERVER
DNN,DNN-10834,Improvement,0,0.005821,0.4591,0,CONFSERVER
DNN,DNN-10833,Bug,0,0.014136,0.4591,0,CONFSERVER
DNN,DNN-10832,Bug,0,0.003299,0.4591,0,CONFSERVER
DNN,DNN-10831,Improvement,0,0.012749,0.4591,0,CONFSERVER
DNN,DNN-10830,Bug,0,0.002545,0.4591,0,CONFSERVER
DNN,DNN-10829,Bug,0,0.002464,0.4591,0,CONFSERVER
DNN,DNN-10828,Bug,0,0.002995,0.4591,0,CONFSERVER
DNN,DNN-10827,Improvement,0,0.360176,0.4591,0,CONFSERVER
DNN,DNN-10826,Bug,0,0.002189,0.4591,0,CONFSERVER
DNN,DNN-10825,Bug,0,0.004442,0.4591,0,CONFSERVER
DNN,DNN-10824,Bug,0,0.003121,0.4591,0,CONFSERVER
DNN,DNN-10823,Bug,0,0.004133,0.4591,0,CONFSERVER
DNN,DNN-10822,Improvement,0,0.668084,0.4591,1,CONFSERVER
DNN,DNN-10821,Improvement,1,0.360106,0.4591,0,CONFSERVER
DNN,DNN-10820,New Feature,1,0.901408,0.4591,1,CONFSERVER
DNN,DNN-10819,New Feature,1,0.07616,0.4591,0,CONFSERVER
DNN,DNN-10818,Bug,0,0.006276,0.4591,0,CONFSERVER
DNN,DNN-10817,Improvement,1,0.549535,0.4591,1,CONFSERVER
DNN,DNN-10816,Bug,0,0.002847,0.4591,0,CONFSERVER
DNN,DNN-10815,Bug,0,0.003698,0.4591,0,CONFSERVER
DNN,DNN-10814,Bug,0,0.003686,0.4591,0,CONFSERVER
DNN,DNN-10813,Bug,0,0.002471,0.4591,0,CONFSERVER
DNN,DNN-10812,Bug,0,0.002288,0.4591,0,CONFSERVER
DNN,DNN-10811,Bug,0,0.002429,0.4591,0,CONFSERVER
DNN,DNN-10810,Bug,0,0.002713,0.4591,0,CONFSERVER
DNN,DNN-10809,Bug,0,0.010284,0.4591,0,CONFSERVER
DNN,DNN-10808,Improvement,0,0.36337,0.4591,0,CONFSERVER
DNN,DNN-10807,Bug,0,0.005708,0.4591,0,CONFSERVER
DNN,DNN-10806,Bug,0,0.005498,0.4591,0,CONFSERVER
DNN,DNN-10804,New Feature,0,0.060441,0.4591,0,CONFSERVER
DNN,DNN-10800,Improvement,0,0.024734,0.4591,0,CONFSERVER
DNN,DNN-10799,Bug,0,0.002685,0.4591,0,CONFSERVER
DNN,DNN-10798,Bug,0,0.004329,0.4591,0,CONFSERVER
DNN,DNN-10797,Bug,0,0.00376,0.4591,0,CONFSERVER
DNN,DNN-10796,Bug,0,0.00556,0.4591,0,CONFSERVER
DNN,DNN-10795,Bug,0,0.009292,0.4591,0,CONFSERVER
DNN,DNN-10794,Improvement,0,0.004864,0.4591,0,CONFSERVER
DNN,DNN-10793,Improvement,0,0.005804,0.4591,0,CONFSERVER
DNN,DNN-10792,Improvement,1,0.819352,0.4591,1,CONFSERVER
DNN,DNN-10791,Bug,0,0.002732,0.4591,0,CONFSERVER
DNN,DNN-10790,Bug,0,0.003595,0.4591,0,CONFSERVER
DNN,DNN-10789,New Feature,0,0.275989,0.4591,0,CONFSERVER
DNN,DNN-10788,Improvement,0,0.899467,0.4591,1,CONFSERVER
DNN,DNN-10787,Bug,0,0.002887,0.4591,0,CONFSERVER
DNN,DNN-10786,Bug,0,0.004462,0.4591,0,CONFSERVER
DNN,DNN-10785,Bug,0,0.003687,0.4591,0,CONFSERVER
DNN,DNN-10784,Bug,0,0.002302,0.4591,0,CONFSERVER
DNN,DNN-10783,Bug,0,0.006274,0.4591,0,CONFSERVER
DNN,DNN-10782,Bug,0,0.003521,0.4591,0,CONFSERVER
DNN,DNN-10781,Bug,0,0.004337,0.4591,0,CONFSERVER
DNN,DNN-10780,Bug,0,0.002312,0.4591,0,CONFSERVER
DNN,DNN-10779,Improvement,0,0.581129,0.4591,1,CONFSERVER
DNN,DNN-10778,Bug,0,0.005458,0.4591,0,CONFSERVER
DNN,DNN-10777,Bug,0,0.005321,0.4591,0,CONFSERVER
DNN,DNN-10776,Bug,0,0.008,0.4591,0,CONFSERVER
DNN,DNN-10775,Bug,0,0.004866,0.4591,0,CONFSERVER
DNN,DNN-10774,Bug,0,0.005234,0.4591,0,CONFSERVER
DNN,DNN-10773,Bug,0,0.004598,0.4591,0,CONFSERVER
DNN,DNN-10772,Bug,0,0.004836,0.4591,0,CONFSERVER
DNN,DNN-10771,Bug,0,0.004382,0.4591,0,CONFSERVER
DNN,DNN-10770,Bug,0,0.005265,0.4591,0,CONFSERVER
DNN,DNN-10769,New Feature,1,0.928126,0.4591,1,CONFSERVER
DNN,DNN-10768,Improvement,1,0.529922,0.4591,1,CONFSERVER
DNN,DNN-10767,Bug,0,0.003696,0.4591,0,CONFSERVER
DNN,DNN-10766,Bug,0,0.003903,0.4591,0,CONFSERVER
DNN,DNN-10765,Bug,0,0.005023,0.4591,0,CONFSERVER
DNN,DNN-10764,Bug,0,0.005519,0.4591,0,CONFSERVER
DNN,DNN-10763,Bug,0,0.004016,0.4591,0,CONFSERVER
DNN,DNN-10762,Bug,0,0.002956,0.4591,0,CONFSERVER
DNN,DNN-10761,Task,0,0.005986,0.4591,0,CONFSERVER
DNN,DNN-10760,Bug,0,0.003822,0.4591,0,CONFSERVER
DNN,DNN-10759,Sub-task,0,0.026529,0.4591,0,CONFSERVER
DNN,DNN-10758,Bug,0,0.002617,0.4591,0,CONFSERVER
DNN,DNN-10757,Bug,0,0.003172,0.4591,0,CONFSERVER
DNN,DNN-10756,Improvement,0,0.008719,0.4591,0,CONFSERVER
DNN,DNN-10755,Improvement,0,0.56252,0.4591,1,CONFSERVER
DNN,DNN-10754,Bug,0,0.007817,0.4591,0,CONFSERVER
DNN,DNN-10753,Improvement,1,0.010029,0.4591,0,CONFSERVER
DNN,DNN-10752,Bug,0,0.002673,0.4591,0,CONFSERVER
DNN,DNN-10751,Bug,0,0.002762,0.4591,0,CONFSERVER
DNN,DNN-10750,Bug,0,0.004084,0.4591,0,CONFSERVER
DNN,DNN-10749,Improvement,0,0.748305,0.4591,1,CONFSERVER
DNN,DNN-10748,Improvement,1,0.361412,0.4591,0,CONFSERVER
DNN,DNN-10747,Bug,0,0.003791,0.4591,0,CONFSERVER
DNN,DNN-10746,Bug,0,0.002396,0.4591,0,CONFSERVER
DNN,DNN-10745,Bug,0,0.002888,0.4591,0,CONFSERVER
DNN,DNN-10744,Improvement,0,0.002784,0.4591,0,CONFSERVER
DNN,DNN-10743,Improvement,0,0.006464,0.4591,0,CONFSERVER
DNN,DNN-10742,Improvement,0,0.002535,0.4591,0,CONFSERVER
DNN,DNN-10741,Improvement,0,0.003419,0.4591,0,CONFSERVER
DNN,DNN-10740,Task,0,0.064155,0.4591,0,CONFSERVER
DNN,DNN-10739,Improvement,0,0.634305,0.4591,1,CONFSERVER
DNN,DNN-10738,Bug,0,0.003578,0.4591,0,CONFSERVER
DNN,DNN-10737,Bug,0,0.003372,0.4591,0,CONFSERVER
DNN,DNN-10736,Bug,0,0.014743,0.4591,0,CONFSERVER
DNN,DNN-10735,Bug,0,0.004794,0.4591,0,CONFSERVER
DNN,DNN-10734,Bug,0,0.005086,0.4591,0,CONFSERVER
DNN,DNN-10733,Bug,0,0.003386,0.4591,0,CONFSERVER
DNN,DNN-10732,Bug,0,0.003018,0.4591,0,CONFSERVER
DNN,DNN-10731,Improvement,0,0.096822,0.4591,0,CONFSERVER
DNN,DNN-10730,Bug,0,0.002875,0.4591,0,CONFSERVER
DNN,DNN-10729,Bug,0,0.003525,0.4591,0,CONFSERVER
DNN,DNN-10728,Bug,0,0.003999,0.4591,0,CONFSERVER
DNN,DNN-10727,Improvement,0,0.097884,0.4591,0,CONFSERVER
DNN,DNN-10725,Bug,0,0.007141,0.4591,0,CONFSERVER
DNN,DNN-10724,Improvement,0,0.00277,0.4591,0,CONFSERVER
DNN,DNN-10723,Improvement,0,0.188252,0.4591,0,CONFSERVER
DNN,DNN-10722,Bug,0,0.003979,0.4591,0,CONFSERVER
DNN,DNN-10721,Bug,0,0.007071,0.4591,0,CONFSERVER
DNN,DNN-10720,Bug,0,0.00339,0.4591,0,CONFSERVER
DNN,DNN-10719,Bug,0,0.002445,0.4591,0,CONFSERVER
DNN,DNN-10718,Bug,0,0.003167,0.4591,0,CONFSERVER
DNN,DNN-10717,Improvement,1,0.290534,0.4591,0,CONFSERVER
DNN,DNN-10716,Bug,0,0.005764,0.4591,0,CONFSERVER
DNN,DNN-10715,Bug,0,0.008625,0.4591,0,CONFSERVER
DNN,DNN-10714,Bug,0,0.002919,0.4591,0,CONFSERVER
DNN,DNN-10713,Improvement,0,0.008403,0.4591,0,CONFSERVER
DNN,DNN-10712,Improvement,0,0.058188,0.4591,0,CONFSERVER
DNN,DNN-10711,Bug,0,0.005514,0.4591,0,CONFSERVER
DNN,DNN-10710,Bug,0,0.006374,0.4591,0,CONFSERVER
DNN,DNN-10709,Bug,0,0.008136,0.4591,0,CONFSERVER
DNN,DNN-10708,Bug,0,0.005041,0.4591,0,CONFSERVER
DNN,DNN-10707,Bug,0,0.006946,0.4591,0,CONFSERVER
DNN,DNN-10706,Bug,0,0.005968,0.4591,0,CONFSERVER
DNN,DNN-10705,Bug,0,0.005312,0.4591,0,CONFSERVER
DNN,DNN-10702,Bug,0,0.002199,0.4591,0,CONFSERVER
DNN,DNN-10701,Improvement,0,0.879115,0.4591,1,CONFSERVER
DNN,DNN-10700,Bug,0,0.002488,0.4591,0,CONFSERVER
DNN,DNN-10699,Bug,0,0.002467,0.4591,0,CONFSERVER
DNN,DNN-10698,Bug,0,0.003724,0.4591,0,CONFSERVER
DNN,DNN-10697,Bug,0,0.002708,0.4591,0,CONFSERVER
DNN,DNN-10696,Bug,0,0.004007,0.4591,0,CONFSERVER
DNN,DNN-10695,Bug,0,0.004612,0.4591,0,CONFSERVER
DNN,DNN-10694,Bug,0,0.004792,0.4591,0,CONFSERVER
DNN,DNN-10693,Task,0,0.41694,0.4591,0,CONFSERVER
DNN,DNN-10692,Sub-task,0,0.070897,0.4591,0,CONFSERVER
DNN,DNN-10691,Task,0,0.017639,0.4591,0,CONFSERVER
DNN,DNN-10690,Bug,0,0.00467,0.4591,0,CONFSERVER
DNN,DNN-10689,Bug,0,0.003731,0.4591,0,CONFSERVER
DNN,DNN-10688,Bug,0,0.003515,0.4591,0,CONFSERVER
DNN,DNN-10687,Bug,0,0.0038,0.4591,0,CONFSERVER
DNN,DNN-10686,Bug,0,0.002507,0.4591,0,CONFSERVER
DNN,DNN-10685,Bug,0,0.005903,0.4591,0,CONFSERVER
DNN,DNN-10684,Bug,0,0.003223,0.4591,0,CONFSERVER
DNN,DNN-10526,Improvement,1,0.350846,0.4591,0,CONFSERVER
DNN,DNN-10462,New Feature,1,0.849646,0.4591,1,CONFSERVER
DNN,DNN-10451,Task,1,0.947912,0.4591,1,CONFSERVER
DNN,DNN-10419,Task,1,0.854426,0.4591,1,CONFSERVER
DNN,DNN-10405,Epic,1,0.972001,0.4591,1,CONFSERVER
DNN,DNN-10087,Improvement,1,0.869071,0.4591,1,CONFSERVER
DNN,DNN-9343,Improvement,1,0.949538,0.4591,1,CONFSERVER
DNN,DNN-9148,Story,1,0.013999,0.4591,0,CONFSERVER
DNN,DNN-9804,Improvement,1,0.838565,0.4591,1,CONFSERVER
DNN,DNN-8608,Improvement,1,0.834395,0.4591,1,CONFSERVER
DNN,DNN-8513,Improvement,1,0.369856,0.4591,0,CONFSERVER
DNN,DNN-8448,Improvement,1,0.741462,0.4591,1,CONFSERVER
DNN,DNN-8383,Improvement,1,0.930645,0.4591,1,CONFSERVER
DNN,DNN-8141,Story,1,0.902146,0.4591,1,CONFSERVER
DNN,DNN-8103,Story,1,0.682917,0.4591,1,CONFSERVER
DNN,DNN-8083,Improvement,1,0.900403,0.4591,1,CONFSERVER
DNN,DNN-8075,Improvement,1,0.008483,0.4591,0,CONFSERVER
DNN,DNN-8059,Task,1,0.562778,0.4591,1,CONFSERVER
DNN,DNN-8010,Improvement,1,0.649296,0.4591,1,CONFSERVER
DNN,DNN-7876,Task,1,0.882717,0.4591,1,CONFSERVER
DNN,DNN-7847,Task,1,0.720549,0.4591,1,CONFSERVER
DNN,DNN-7843,Epic,1,0.911074,0.4591,1,CONFSERVER
DNN,DNN-7822,Task,1,0.741398,0.4591,1,CONFSERVER
DNN,DNN-7820,Story,1,0.834632,0.4591,1,CONFSERVER
DNN,DNN-7819,Task,1,0.874405,0.4591,1,CONFSERVER
DNN,DNN-7802,Task,1,0.881251,0.4591,1,CONFSERVER
DNN,DNN-7799,Task,1,0.919704,0.4591,1,CONFSERVER
DNN,DNN-7798,Task,1,0.928014,0.4591,1,CONFSERVER
DNN,DNN-7797,Task,1,0.903539,0.4591,1,CONFSERVER
DNN,DNN-7796,Task,1,0.886701,0.4591,1,CONFSERVER
DNN,DNN-7772,Improvement,1,0.853549,0.4591,1,CONFSERVER
DNN,DNN-7751,Improvement,1,0.956892,0.4591,1,CONFSERVER
DNN,DNN-7723,Improvement,1,0.743826,0.4591,1,CONFSERVER
DNN,DNN-7515,Improvement,1,0.003729,0.4591,0,CONFSERVER
DNN,DNN-7411,Improvement,1,0.244469,0.4591,0,CONFSERVER
FAB,FAB-18279,Story,0,0.974695,0.8864,1,CONFSERVER
FAB,FAB-18278,Sub-task,0,0.960383,0.8864,1,CONFSERVER
FAB,FAB-18277,Bug,0,0.005652,0.8864,0,CONFSERVER
FAB,FAB-18276,Bug,0,0.00378,0.8864,0,CONFSERVER
FAB,FAB-18275,Task,1,0.846539,0.8864,0,CONFSERVER
FAB,FAB-18274,Task,0,0.41684,0.8864,0,CONFSERVER
FAB,FAB-18273,Task,0,0.051114,0.8864,0,CONFSERVER
FAB,FAB-18271,Task,0,0.019259,0.8864,0,CONFSERVER
FAB,FAB-18270,Bug,0,0.00606,0.8864,0,CONFSERVER
FAB,FAB-18269,Bug,0,0.005071,0.8864,0,CONFSERVER
FAB,FAB-18268,Task,1,0.701639,0.8864,0,CONFSERVER
FAB,FAB-18267,Bug,0,0.004525,0.8864,0,CONFSERVER
FAB,FAB-18265,Task,0,0.923405,0.8864,1,CONFSERVER
FAB,FAB-18264,Bug,0,0.010364,0.8864,0,CONFSERVER
FAB,FAB-18263,Bug,0,0.006506,0.8864,0,CONFSERVER
FAB,FAB-18262,Bug,0,0.006528,0.8864,0,CONFSERVER
FAB,FAB-18261,Bug,0,0.020969,0.8864,0,CONFSERVER
FAB,FAB-18260,Bug,0,0.004371,0.8864,0,CONFSERVER
FAB,FAB-18259,Bug,0,0.01175,0.8864,0,CONFSERVER
FAB,FAB-18258,Bug,0,0.006013,0.8864,0,CONFSERVER
FAB,FAB-18257,Task,0,0.044195,0.8864,0,CONFSERVER
FAB,FAB-18253,Epic,1,0.995564,0.8864,1,CONFSERVER
FAB,FAB-18252,Documentation,0,0.247997,0.8864,0,CONFSERVER
FAB,FAB-18251,Bug,0,0.004457,0.8864,0,CONFSERVER
FAB,FAB-18250,Task,0,0.842637,0.8864,0,CONFSERVER
FAB,FAB-18249,Bug,0,0.003775,0.8864,0,CONFSERVER
FAB,FAB-18248,Bug,0,0.00492,0.8864,0,CONFSERVER
FAB,FAB-18246,Story,0,0.978478,0.8864,1,CONFSERVER
FAB,FAB-18245,Bug,0,0.0045,0.8864,0,CONFSERVER
FAB,FAB-18244,Bug,0,0.011378,0.8864,0,CONFSERVER
FAB,FAB-18243,Story,0,0.988947,0.8864,1,CONFSERVER
FAB,FAB-18242,Bug,0,0.014769,0.8864,0,CONFSERVER
FAB,FAB-18241,Task,0,0.029748,0.8864,0,CONFSERVER
FAB,FAB-18240,Story,0,0.698434,0.8864,0,CONFSERVER
FAB,FAB-18239,Bug,0,0.004193,0.8864,0,CONFSERVER
FAB,FAB-18238,Bug,0,0.003963,0.8864,0,CONFSERVER
FAB,FAB-18237,Bug,0,0.005022,0.8864,0,CONFSERVER
FAB,FAB-18236,Bug,0,0.004142,0.8864,0,CONFSERVER
FAB,FAB-18233,Bug,0,0.004694,0.8864,0,CONFSERVER
FAB,FAB-18232,Bug,0,0.004702,0.8864,0,CONFSERVER
FAB,FAB-18231,Story,0,0.134059,0.8864,0,CONFSERVER
FAB,FAB-18230,Task,1,0.089379,0.8864,0,CONFSERVER
FAB,FAB-18229,Task,0,0.241102,0.8864,0,CONFSERVER
FAB,FAB-18228,Task,0,0.728536,0.8864,0,CONFSERVER
FAB,FAB-18227,Sub-task,0,0.144221,0.8864,0,CONFSERVER
FAB,FAB-18225,Sub-task,0,0.104114,0.8864,0,CONFSERVER
FAB,FAB-18223,Sub-task,0,0.158495,0.8864,0,CONFSERVER
FAB,FAB-18221,Sub-task,0,0.138538,0.8864,0,CONFSERVER
FAB,FAB-18219,Sub-task,0,0.152718,0.8864,0,CONFSERVER
FAB,FAB-18217,Sub-task,0,0.48932,0.8864,0,CONFSERVER
FAB,FAB-18215,Story,0,0.842467,0.8864,0,CONFSERVER
FAB,FAB-18214,Bug,0,0.00869,0.8864,0,CONFSERVER
FAB,FAB-18213,Task,0,0.500593,0.8864,0,CONFSERVER
FAB,FAB-18212,Task,0,0.990419,0.8864,1,CONFSERVER
FAB,FAB-18210,Bug,0,0.006197,0.8864,0,CONFSERVER
FAB,FAB-18209,Bug,0,0.006675,0.8864,0,CONFSERVER
FAB,FAB-18208,Story,0,0.899329,0.8864,1,CONFSERVER
FAB,FAB-18207,Task,0,0.033929,0.8864,0,CONFSERVER
FAB,FAB-18206,Story,0,0.989714,0.8864,1,CONFSERVER
FAB,FAB-18205,Story,1,0.535721,0.8864,0,CONFSERVER
FAB,FAB-18204,Task,1,0.986739,0.8864,1,CONFSERVER
FAB,FAB-18203,Bug,0,0.005575,0.8864,0,CONFSERVER
FAB,FAB-18200,Bug,0,0.005759,0.8864,0,CONFSERVER
FAB,FAB-18198,Task,1,0.952747,0.8864,1,CONFSERVER
FAB,FAB-18196,Story,0,0.981912,0.8864,1,CONFSERVER
FAB,FAB-18195,Task,0,0.954338,0.8864,1,CONFSERVER
FAB,FAB-18194,Bug,0,0.009964,0.8864,0,CONFSERVER
FAB,FAB-18193,Task,1,0.945014,0.8864,1,CONFSERVER
FAB,FAB-18192,Bug,0,0.008383,0.8864,0,CONFSERVER
FAB,FAB-18191,Bug,0,0.003412,0.8864,0,CONFSERVER
FAB,FAB-18188,Story,0,0.028983,0.8864,0,CONFSERVER
FAB,FAB-18187,Story,0,0.953652,0.8864,1,CONFSERVER
FAB,FAB-18186,Story,0,0.972158,0.8864,1,CONFSERVER
FAB,FAB-18185,Task,0,0.872397,0.8864,0,CONFSERVER
FAB,FAB-18184,Bug,0,0.007398,0.8864,0,CONFSERVER
FAB,FAB-18183,Documentation,0,0.034724,0.8864,0,CONFSERVER
FAB,FAB-18182,Test Task,0,0.034144,0.8864,0,CONFSERVER
FAB,FAB-18181,Test Task,0,0.080681,0.8864,0,CONFSERVER
FAB,FAB-18180,Epic,1,0.9842,0.8864,1,CONFSERVER
FAB,FAB-18178,Documentation,0,0.979551,0.8864,1,CONFSERVER
FAB,FAB-18177,Bug,0,0.006637,0.8864,0,CONFSERVER
FAB,FAB-18174,Bug,0,0.018624,0.8864,0,CONFSERVER
FAB,FAB-18172,Story,1,0.990689,0.8864,1,CONFSERVER
FAB,FAB-18170,Documentation,0,0.655175,0.8864,0,CONFSERVER
FAB,FAB-18169,Task,0,0.065708,0.8864,0,CONFSERVER
FAB,FAB-18168,Bug,0,0.006946,0.8864,0,CONFSERVER
FAB,FAB-18167,Bug,0,0.006367,0.8864,0,CONFSERVER
FAB,FAB-18166,Task,0,0.079929,0.8864,0,CONFSERVER
FAB,FAB-18165,Task,1,0.949812,0.8864,1,CONFSERVER
FAB,FAB-18164,Sub-task,0,0.361471,0.8864,0,CONFSERVER
FAB,FAB-18163,Story,0,0.060114,0.8864,0,CONFSERVER
FAB,FAB-18160,Task,0,0.015987,0.8864,0,CONFSERVER
FAB,FAB-18157,Story,0,0.250043,0.8864,0,CONFSERVER
FAB,FAB-18156,Task,0,0.013309,0.8864,0,CONFSERVER
FAB,FAB-18155,Sub-task,0,0.018315,0.8864,0,CONFSERVER
FAB,FAB-18153,Bug,0,0.003979,0.8864,0,CONFSERVER
FAB,FAB-18152,Task,1,0.993324,0.8864,1,CONFSERVER
FAB,FAB-18151,Bug,0,0.003999,0.8864,0,CONFSERVER
FAB,FAB-18150,Story,1,0.9536,0.8864,1,CONFSERVER
FAB,FAB-18148,Sub-task,0,0.154255,0.8864,0,CONFSERVER
FAB,FAB-18147,Task,1,0.951527,0.8864,1,CONFSERVER
FAB,FAB-18146,Task,0,0.014014,0.8864,0,CONFSERVER
FAB,FAB-18145,Sub-task,0,0.991556,0.8864,1,CONFSERVER
FAB,FAB-18135,Story,0,0.980212,0.8864,1,CONFSERVER
FAB,FAB-18134,Bug,0,0.004623,0.8864,0,CONFSERVER
FAB,FAB-18133,Story,0,0.859801,0.8864,0,CONFSERVER
FAB,FAB-18132,Story,0,0.844099,0.8864,0,CONFSERVER
FAB,FAB-18131,Task,0,0.941642,0.8864,1,CONFSERVER
FAB,FAB-18130,Task,0,0.449046,0.8864,0,CONFSERVER
FAB,FAB-18129,Task,0,0.030704,0.8864,0,CONFSERVER
FAB,FAB-18128,Task,0,0.019142,0.8864,0,CONFSERVER
FAB,FAB-18127,Task,0,0.08896,0.8864,0,CONFSERVER
FAB,FAB-18126,Task,0,0.673266,0.8864,0,CONFSERVER
FAB,FAB-18125,Task,0,0.671287,0.8864,0,CONFSERVER
FAB,FAB-18124,Bug,0,0.008052,0.8864,0,CONFSERVER
FAB,FAB-18123,Sub-task,0,0.539348,0.8864,0,CONFSERVER
FAB,FAB-18122,Bug,0,0.009556,0.8864,0,CONFSERVER
FAB,FAB-18121,Task,0,0.744312,0.8864,0,CONFSERVER
FAB,FAB-18120,Task,0,0.285956,0.8864,0,CONFSERVER
FAB,FAB-18119,Task,0,0.960329,0.8864,1,CONFSERVER
FAB,FAB-18118,Bug,0,0.004286,0.8864,0,CONFSERVER
FAB,FAB-18117,Sub-task,0,0.981913,0.8864,1,CONFSERVER
FAB,FAB-18115,Epic,0,0.981503,0.8864,1,CONFSERVER
FAB,FAB-18114,Bug,0,0.003632,0.8864,0,CONFSERVER
FAB,FAB-18113,Story,1,0.988447,0.8864,1,CONFSERVER
FAB,FAB-18112,Task,0,0.011897,0.8864,0,CONFSERVER
FAB,FAB-18111,Documentation,0,0.791825,0.8864,0,CONFSERVER
FAB,FAB-18110,Bug,0,0.00557,0.8864,0,CONFSERVER
FAB,FAB-18109,Documentation,0,0.785896,0.8864,0,CONFSERVER
FAB,FAB-18108,Task,0,0.964058,0.8864,1,CONFSERVER
FAB,FAB-18107,Task,0,0.851699,0.8864,0,CONFSERVER
FAB,FAB-18106,Story,1,0.976545,0.8864,1,CONFSERVER
FAB,FAB-18104,Story,0,0.97872,0.8864,1,CONFSERVER
FAB,FAB-18103,Bug,0,0.011152,0.8864,0,CONFSERVER
FAB,FAB-18102,Bug,0,0.005127,0.8864,0,CONFSERVER
FAB,FAB-18101,Bug,0,0.010121,0.8864,0,CONFSERVER
FAB,FAB-18100,Story,0,0.74189,0.8864,0,CONFSERVER
FAB,FAB-18099,Story,1,0.772819,0.8864,0,CONFSERVER
FAB,FAB-18098,Documentation,0,0.073992,0.8864,0,CONFSERVER
FAB,FAB-18096,Task,0,0.037578,0.8864,0,CONFSERVER
FAB,FAB-18095,Task,0,0.007081,0.8864,0,CONFSERVER
FAB,FAB-18093,Sub-task,0,0.039681,0.8864,0,CONFSERVER
FAB,FAB-18092,Story,0,0.023933,0.8864,0,CONFSERVER
FAB,FAB-18075,Story,1,0.89545,0.8864,1,CONFSERVER
FAB,FAB-17974,Epic,1,0.994047,0.8864,1,CONFSERVER
FAB,FAB-17973,Epic,1,0.99348,0.8864,1,CONFSERVER
FAB,FAB-17966,Story,1,0.981988,0.8864,1,CONFSERVER
FAB,FAB-17891,Story,1,0.992494,0.8864,1,CONFSERVER
FAB,FAB-17712,Epic,1,0.993676,0.8864,1,CONFSERVER
FAB,FAB-17592,Story,1,0.879131,0.8864,0,CONFSERVER
FAB,FAB-17591,Story,1,0.92949,0.8864,1,CONFSERVER
FAB,FAB-17545,Story,1,0.980422,0.8864,1,CONFSERVER
FAB,FAB-17537,Task,1,0.349714,0.8864,0,CONFSERVER
FAB,FAB-17430,Story,1,0.885523,0.8864,0,CONFSERVER
FAB,FAB-17339,Task,1,0.863857,0.8864,0,CONFSERVER
FAB,FAB-17225,Task,1,0.905485,0.8864,1,CONFSERVER
FAB,FAB-17052,Story,1,0.872506,0.8864,0,CONFSERVER
FAB,FAB-17036,Task,1,0.883019,0.8864,0,CONFSERVER
FAB,FAB-16770,Epic,1,0.988101,0.8864,1,CONFSERVER
FAB,FAB-16662,Epic,1,0.191347,0.8864,0,CONFSERVER
FAB,FAB-16531,Epic,1,0.985778,0.8864,1,CONFSERVER
FAB,FAB-16449,Task,1,0.009554,0.8864,0,CONFSERVER
FAB,FAB-16264,Story,1,0.91562,0.8864,1,CONFSERVER
FAB,FAB-16262,Task,1,0.936443,0.8864,1,CONFSERVER
FAB,FAB-16240,Epic,1,0.994083,0.8864,1,CONFSERVER
FAB,FAB-16154,Story,1,0.985661,0.8864,1,CONFSERVER
FAB,FAB-16102,Task,1,0.97084,0.8864,1,CONFSERVER
FAB,FAB-15922,Task,1,0.978084,0.8864,1,CONFSERVER
FAB,FAB-15724,Task,1,0.918528,0.8864,1,CONFSERVER
FAB,FAB-15710,Story,1,0.993875,0.8864,1,CONFSERVER
FAB,FAB-15634,Task,1,0.983829,0.8864,1,CONFSERVER
FAB,FAB-15574,Epic,1,0.954071,0.8864,1,CONFSERVER
FAB,FAB-15481,Story,1,0.994276,0.8864,1,CONFSERVER
FAB,FAB-15427,Story,1,0.994036,0.8864,1,CONFSERVER
FAB,FAB-15337,Epic,1,0.93463,0.8864,1,CONFSERVER
FAB,FAB-15258,Story,1,0.979962,0.8864,1,CONFSERVER
FAB,FAB-14618,Task,1,0.26043,0.8864,0,CONFSERVER
FAB,FAB-14296,Task,1,0.979495,0.8864,1,CONFSERVER
JRASERVER,JRASERVER-71733,Bug,0,0.00207,0.95,0,CONFSERVER
JRASERVER,JRASERVER-71732,Bug,0,0.002879,0.95,0,CONFSERVER
JRASERVER,JRASERVER-71731,Bug,0,0.002442,0.95,0,CONFSERVER
JRASERVER,JRASERVER-71730,Bug,0,0.003041,0.95,0,CONFSERVER
JRASERVER,JRASERVER-71729,Bug,0,0.002164,0.95,0,CONFSERVER
JRASERVER,JRASERVER-71727,Suggestion,0,0.974991,0.95,1,CONFSERVER
JRASERVER,JRASERVER-71726,Bug,0,0.002185,0.95,0,CONFSERVER
JRASERVER,JRASERVER-71725,Suggestion,0,0.991086,0.95,1,CONFSERVER
JRASERVER,JRASERVER-71724,Suggestion,0,0.99193,0.95,1,CONFSERVER
JRASERVER,JRASERVER-71723,Bug,0,0.002314,0.95,0,CONFSERVER
JRASERVER,JRASERVER-71721,Suggestion,0,0.930264,0.95,0,CONFSERVER
JRASERVER,JRASERVER-71728,Bug,0,0.002647,0.95,0,CONFSERVER
JRASERVER,JRASERVER-71720,Suggestion,0,0.972124,0.95,1,CONFSERVER
JRASERVER,JRASERVER-71719,Suggestion,0,0.973741,0.95,1,CONFSERVER
JRASERVER,JRASERVER-71718,Suggestion,1,0.989551,0.95,1,CONFSERVER
JRASERVER,JRASERVER-71717,Bug,0,0.00242,0.95,0,CONFSERVER
JRASERVER,JRASERVER-71716,Suggestion,0,0.984119,0.95,1,CONFSERVER
JRASERVER,JRASERVER-71715,Bug,0,0.002219,0.95,0,CONFSERVER
JRASERVER,JRASERVER-71713,Suggestion,0,0.994146,0.95,1,CONFSERVER
JRASERVER,JRASERVER-71712,Suggestion,1,0.992226,0.95,1,CONFSERVER
JRASERVER,JRASERVER-71711,Bug,0,0.002033,0.95,0,CONFSERVER
JRASERVER,JRASERVER-71709,Suggestion,1,0.993971,0.95,1,CONFSERVER
JRASERVER,JRASERVER-71708,Bug,0,0.002657,0.95,0,CONFSERVER
JRASERVER,JRASERVER-71707,Suggestion,0,0.521399,0.95,0,CONFSERVER
JRASERVER,JRASERVER-71706,Bug,0,0.002754,0.95,0,CONFSERVER
JRASERVER,JRASERVER-71705,Suggestion,1,0.977623,0.95,1,CONFSERVER
JRASERVER,JRASERVER-71704,Suggestion,1,0.974481,0.95,1,CONFSERVER
JRASERVER,JRASERVER-71703,Suggestion,0,0.945531,0.95,0,CONFSERVER
JRASERVER,JRASERVER-71702,Bug,0,0.002284,0.95,0,CONFSERVER
JRASERVER,JRASERVER-71701,Bug,0,0.003049,0.95,0,CONFSERVER
JRASERVER,JRASERVER-71700,Suggestion,0,0.953012,0.95,1,CONFSERVER
JRASERVER,JRASERVER-71699,Bug,0,0.002406,0.95,0,CONFSERVER
JRASERVER,JRASERVER-71697,Suggestion,0,0.869009,0.95,0,CONFSERVER
JRASERVER,JRASERVER-71696,Public Security Vulnerability,0,0.095257,0.95,0,CONFSERVER
JRASERVER,JRASERVER-71695,Bug,0,0.005664,0.95,0,CONFSERVER
JRASERVER,JRASERVER-71694,Suggestion,0,0.976239,0.95,1,CONFSERVER
JRASERVER,JRASERVER-71693,Bug,0,0.002332,0.95,0,CONFSERVER
JRASERVER,JRASERVER-71691,Bug,0,0.002193,0.95,0,CONFSERVER
JRASERVER,JRASERVER-71688,Suggestion,0,0.885132,0.95,0,CONFSERVER
JRASERVER,JRASERVER-71687,Suggestion,0,0.048429,0.95,0,CONFSERVER
JRASERVER,JRASERVER-71686,Suggestion,0,0.973849,0.95,1,CONFSERVER
JRASERVER,JRASERVER-71685,Bug,1,0.007071,0.95,0,CONFSERVER
JRASERVER,JRASERVER-71684,Suggestion,1,0.985128,0.95,1,CONFSERVER
JRASERVER,JRASERVER-71683,Suggestion,0,0.979233,0.95,1,CONFSERVER
JRASERVER,JRASERVER-71682,Suggestion,0,0.972279,0.95,1,CONFSERVER
JRASERVER,JRASERVER-71681,Bug,0,0.001939,0.95,0,CONFSERVER
JRASERVER,JRASERVER-71680,Suggestion,0,0.952588,0.95,1,CONFSERVER
JRASERVER,JRASERVER-71678,Bug,0,0.002524,0.95,0,CONFSERVER
JRASERVER,JRASERVER-71676,Bug,0,0.002649,0.95,0,CONFSERVER
JRASERVER,JRASERVER-71674,Suggestion,0,0.935118,0.95,0,CONFSERVER
JRASERVER,JRASERVER-71671,Suggestion,0,0.995088,0.95,1,CONFSERVER
JRASERVER,JRASERVER-71670,Suggestion,1,0.990532,0.95,1,CONFSERVER
JRASERVER,JRASERVER-71669,Suggestion,0,0.98017,0.95,1,CONFSERVER
JRASERVER,JRASERVER-71668,Suggestion,0,0.970022,0.95,1,CONFSERVER
JRASERVER,JRASERVER-71667,Suggestion,0,0.95571,0.95,1,CONFSERVER
JRASERVER,JRASERVER-71666,Suggestion,0,0.971977,0.95,1,CONFSERVER
JRASERVER,JRASERVER-71665,Suggestion,0,0.619975,0.95,0,CONFSERVER
JRASERVER,JRASERVER-71664,Suggestion,0,0.958583,0.95,1,CONFSERVER
JRASERVER,JRASERVER-71663,Suggestion,0,0.875427,0.95,0,CONFSERVER
JRASERVER,JRASERVER-71662,Suggestion,0,0.970114,0.95,1,CONFSERVER
JRASERVER,JRASERVER-71661,Suggestion,0,0.966203,0.95,1,CONFSERVER
JRASERVER,JRASERVER-71689,Bug,0,0.002644,0.95,0,CONFSERVER
JRASERVER,JRASERVER-71655,Bug,0,0.002797,0.95,0,CONFSERVER
JRASERVER,JRASERVER-71654,Suggestion,0,0.667428,0.95,0,CONFSERVER
JRASERVER,JRASERVER-71653,Suggestion,0,0.988934,0.95,1,CONFSERVER
JRASERVER,JRASERVER-71652,Bug,0,0.003428,0.95,0,CONFSERVER
JRASERVER,JRASERVER-71650,Suggestion,0,0.98778,0.95,1,CONFSERVER
JRASERVER,JRASERVER-71649,Suggestion,0,0.992533,0.95,1,CONFSERVER
JRASERVER,JRASERVER-71648,Suggestion,0,0.951111,0.95,1,CONFSERVER
JRASERVER,JRASERVER-71647,Bug,0,0.002028,0.95,0,CONFSERVER
JRASERVER,JRASERVER-71646,Bug,0,0.004365,0.95,0,CONFSERVER
JRASERVER,JRASERVER-71644,Bug,0,0.001966,0.95,0,CONFSERVER
JRASERVER,JRASERVER-71643,Suggestion,0,0.982915,0.95,1,CONFSERVER
JRASERVER,JRASERVER-71642,Suggestion,0,0.978736,0.95,1,CONFSERVER
JRASERVER,JRASERVER-71641,Bug,0,0.002331,0.95,0,CONFSERVER
JRASERVER,JRASERVER-71640,Suggestion,0,0.995383,0.95,1,CONFSERVER
JRASERVER,JRASERVER-71639,Suggestion,0,0.854225,0.95,0,CONFSERVER
JRASERVER,JRASERVER-71638,Bug,0,0.002571,0.95,0,CONFSERVER
JRASERVER,JRASERVER-71637,Bug,0,0.002747,0.95,0,CONFSERVER
JRASERVER,JRASERVER-71636,Suggestion,1,0.99465,0.95,1,CONFSERVER
JRASERVER,JRASERVER-71633,Bug,0,0.002651,0.95,0,CONFSERVER
JRASERVER,JRASERVER-71632,Suggestion,0,0.961298,0.95,1,CONFSERVER
JRASERVER,JRASERVER-71656,Suggestion,1,0.995839,0.95,1,CONFSERVER
JRASERVER,JRASERVER-71631,Suggestion,0,0.916403,0.95,0,CONFSERVER
JRASERVER,JRASERVER-71630,Suggestion,0,0.923514,0.95,0,CONFSERVER
JRASERVER,JRASERVER-71629,Bug,0,0.00198,0.95,0,CONFSERVER
JRASERVER,JRASERVER-71628,Bug,0,0.003623,0.95,0,CONFSERVER
JRASERVER,JRASERVER-71625,Bug,0,0.002763,0.95,0,CONFSERVER
JRASERVER,JRASERVER-71624,Suggestion,1,0.993404,0.95,1,CONFSERVER
JRASERVER,JRASERVER-71623,Suggestion,0,0.868401,0.95,0,CONFSERVER
JRASERVER,JRASERVER-71622,Bug,0,0.002398,0.95,0,CONFSERVER
JRASERVER,JRASERVER-71621,Bug,0,0.002422,0.95,0,CONFSERVER
JRASERVER,JRASERVER-71620,Bug,0,0.002794,0.95,0,CONFSERVER
JRASERVER,JRASERVER-71619,Suggestion,0,0.835848,0.95,0,CONFSERVER
JRASERVER,JRASERVER-71618,Bug,0,0.002455,0.95,0,CONFSERVER
JRASERVER,JRASERVER-71617,Bug,0,0.002168,0.95,0,CONFSERVER
JRASERVER,JRASERVER-71616,Bug,0,0.002465,0.95,0,CONFSERVER
JRASERVER,JRASERVER-71614,Suggestion,0,0.988305,0.95,1,CONFSERVER
JRASERVER,JRASERVER-71609,Suggestion,0,0.956939,0.95,1,CONFSERVER
JRASERVER,JRASERVER-71607,Suggestion,0,0.991244,0.95,1,CONFSERVER
JRASERVER,JRASERVER-71606,Suggestion,0,0.163315,0.95,0,CONFSERVER
JRASERVER,JRASERVER-71603,Suggestion,0,0.986356,0.95,1,CONFSERVER
JRASERVER,JRASERVER-71602,Suggestion,1,0.996182,0.95,1,CONFSERVER
JRASERVER,JRASERVER-71601,Bug,0,0.002066,0.95,0,CONFSERVER
JRASERVER,JRASERVER-71600,Suggestion,0,0.904882,0.95,0,CONFSERVER
JRASERVER,JRASERVER-71599,Bug,0,0.001871,0.95,0,CONFSERVER
JRASERVER,JRASERVER-71598,Suggestion,0,0.990944,0.95,1,CONFSERVER
JRASERVER,JRASERVER-71597,Bug,0,0.003861,0.95,0,CONFSERVER
JRASERVER,JRASERVER-71596,Bug,0,0.002081,0.95,0,CONFSERVER
JRASERVER,JRASERVER-71594,Bug,0,0.002405,0.95,0,CONFSERVER
JRASERVER,JRASERVER-71592,Suggestion,0,0.917946,0.95,0,CONFSERVER
JRASERVER,JRASERVER-71591,Suggestion,0,0.794945,0.95,0,CONFSERVER
JRASERVER,JRASERVER-71590,Suggestion,0,0.667096,0.95,0,CONFSERVER
JRASERVER,JRASERVER-71589,Suggestion,0,0.981488,0.95,1,CONFSERVER
JRASERVER,JRASERVER-71587,Suggestion,0,0.947951,0.95,0,CONFSERVER
JRASERVER,JRASERVER-71586,Suggestion,0,0.961349,0.95,1,CONFSERVER
JRASERVER,JRASERVER-71585,Bug,0,0.002641,0.95,0,CONFSERVER
JRASERVER,JRASERVER-71584,Suggestion,0,0.975801,0.95,1,CONFSERVER
JRASERVER,JRASERVER-71583,Suggestion,0,0.9824,0.95,1,CONFSERVER
JRASERVER,JRASERVER-71582,Suggestion,1,0.987689,0.95,1,CONFSERVER
JRASERVER,JRASERVER-71581,Bug,0,0.002656,0.95,0,CONFSERVER
JRASERVER,JRASERVER-71580,Bug,0,0.002508,0.95,0,CONFSERVER
JRASERVER,JRASERVER-71578,Suggestion,0,0.516486,0.95,0,CONFSERVER
JRASERVER,JRASERVER-71577,Bug,0,0.002385,0.95,0,CONFSERVER
JRASERVER,JRASERVER-71576,Suggestion,0,0.995659,0.95,1,CONFSERVER
JRASERVER,JRASERVER-71575,Bug,0,0.002298,0.95,0,CONFSERVER
JRASERVER,JRASERVER-71573,Bug,0,0.002139,0.95,0,CONFSERVER
JRASERVER,JRASERVER-71571,Bug,0,0.00209,0.95,0,CONFSERVER
JRASERVER,JRASERVER-71569,Bug,0,0.001926,0.95,0,CONFSERVER
JRASERVER,JRASERVER-71568,Suggestion,0,0.828621,0.95,0,CONFSERVER
JRASERVER,JRASERVER-71567,Bug,0,0.002768,0.95,0,CONFSERVER
JRASERVER,JRASERVER-71566,Suggestion,0,0.976024,0.95,1,CONFSERVER
JRASERVER,JRASERVER-71565,Suggestion,0,0.89329,0.95,0,CONFSERVER
JRASERVER,JRASERVER-71563,Suggestion,0,0.994961,0.95,1,CONFSERVER
JRASERVER,JRASERVER-71562,Bug,0,0.002555,0.95,0,CONFSERVER
JRASERVER,JRASERVER-71561,Bug,0,0.002,0.95,0,CONFSERVER
JRASERVER,JRASERVER-71560,Bug,0,0.003194,0.95,0,CONFSERVER
JRASERVER,JRASERVER-71557,Suggestion,1,0.995654,0.95,1,CONFSERVER
JRASERVER,JRASERVER-71556,Bug,0,0.002782,0.95,0,CONFSERVER
JRASERVER,JRASERVER-71555,Suggestion,1,0.990022,0.95,1,CONFSERVER
JRASERVER,JRASERVER-71554,Bug,1,0.003362,0.95,0,CONFSERVER
JRASERVER,JRASERVER-71553,Bug,0,0.002199,0.95,0,CONFSERVER
JRASERVER,JRASERVER-71552,Suggestion,0,0.993979,0.95,1,CONFSERVER
JRASERVER,JRASERVER-71551,Suggestion,1,0.981766,0.95,1,CONFSERVER
JRASERVER,JRASERVER-71550,Bug,0,0.002662,0.95,0,CONFSERVER
JRASERVER,JRASERVER-71549,Bug,0,0.002409,0.95,0,CONFSERVER
JRASERVER,JRASERVER-71547,Suggestion,0,0.973765,0.95,1,CONFSERVER
JRASERVER,JRASERVER-71546,Bug,0,0.002219,0.95,0,CONFSERVER
JRASERVER,JRASERVER-71487,Suggestion,1,0.995462,0.95,1,CONFSERVER
JRASERVER,JRASERVER-71372,Suggestion,1,0.994416,0.95,1,CONFSERVER
JRASERVER,JRASERVER-71327,Suggestion,1,0.995372,0.95,1,CONFSERVER
JRASERVER,JRASERVER-70917,Suggestion,1,0.995483,0.95,1,CONFSERVER
JRASERVER,JRASERVER-70835,Suggestion,1,0.996259,0.95,1,CONFSERVER
JRASERVER,JRASERVER-70688,Suggestion,1,0.996607,0.95,1,CONFSERVER
JRASERVER,JRASERVER-70680,Suggestion,1,0.99617,0.95,1,CONFSERVER
JRASERVER,JRASERVER-70669,Suggestion,1,0.992034,0.95,1,CONFSERVER
JRASERVER,JRASERVER-71168,Suggestion,1,0.990074,0.95,1,CONFSERVER
JRASERVER,JRASERVER-70282,Suggestion,1,0.996026,0.95,1,CONFSERVER
JRASERVER,JRASERVER-69892,Suggestion,1,0.980053,0.95,1,CONFSERVER
JRASERVER,JRASERVER-69860,Suggestion,1,0.968074,0.95,1,CONFSERVER
JRASERVER,JRASERVER-69829,Suggestion,1,0.989024,0.95,1,CONFSERVER
JRASERVER,JRASERVER-69757,Suggestion,1,0.996492,0.95,1,CONFSERVER
JRASERVER,JRASERVER-69691,Suggestion,1,0.99523,0.95,1,CONFSERVER
JRASERVER,JRASERVER-69429,Suggestion,1,0.996083,0.95,1,CONFSERVER
JRASERVER,JRASERVER-69428,Suggestion,1,0.992647,0.95,1,CONFSERVER
JRASERVER,JRASERVER-69350,Suggestion,1,0.993634,0.95,1,CONFSERVER
JRASERVER,JRASERVER-69347,Suggestion,1,0.994713,0.95,1,CONFSERVER
JRASERVER,JRASERVER-69311,Suggestion,1,0.994049,0.95,1,CONFSERVER
JRASERVER,JRASERVER-69257,Suggestion,1,0.991321,0.95,1,CONFSERVER
JRASERVER,JRASERVER-69253,Suggestion,1,0.995408,0.95,1,CONFSERVER
JRASERVER,JRASERVER-69217,Suggestion,1,0.988682,0.95,1,CONFSERVER
JRASERVER,JRASERVER-69161,Suggestion,1,0.990794,0.95,1,CONFSERVER
JRASERVER,JRASERVER-68988,Suggestion,1,0.994525,0.95,1,CONFSERVER
JRASERVER,JRASERVER-68798,Suggestion,1,0.990948,0.95,1,CONFSERVER
JRASERVER,JRASERVER-68763,Suggestion,1,0.993318,0.95,1,CONFSERVER
JRASERVER,JRASERVER-68674,Suggestion,1,0.994718,0.95,1,CONFSERVER
JRASERVER,JRASERVER-68663,Suggestion,1,0.994122,0.95,1,CONFSERVER
JRASERVER,JRASERVER-68619,Suggestion,1,0.99391,0.95,1,CONFSERVER
JRASERVER,JRASERVER-68570,Suggestion,1,0.984408,0.95,1,CONFSERVER
JRASERVER,JRASERVER-68557,Suggestion,1,0.994616,0.95,1,CONFSERVER
JRASERVER,JRASERVER-68539,Suggestion,1,0.994824,0.95,1,CONFSERVER
JRASERVER,JRASERVER-68496,Suggestion,1,0.994321,0.95,1,CONFSERVER
JRASERVER,JRASERVER-68393,Suggestion,1,0.995609,0.95,1,CONFSERVER
MESOS,MESOS-10194,Bug,0,0.010211,0.4591,0,CONFSERVER
MESOS,MESOS-10192,Bug,0,0.009664,0.4591,0,CONFSERVER
MESOS,MESOS-10191,Task,0,0.135424,0.4591,0,CONFSERVER
MESOS,MESOS-10190,Bug,0,0.013498,0.4591,0,CONFSERVER
MESOS,MESOS-10187,Documentation,1,0.962728,0.4591,1,CONFSERVER
MESOS,MESOS-10186,Bug,0,0.006556,0.4591,0,CONFSERVER
MESOS,MESOS-10183,Bug,0,0.008211,0.4591,0,CONFSERVER
MESOS,MESOS-10182,Bug,0,0.007093,0.4591,0,CONFSERVER
MESOS,MESOS-10180,Task,0,0.067554,0.4591,0,CONFSERVER
MESOS,MESOS-10179,Task,0,0.811752,0.4591,1,CONFSERVER
MESOS,MESOS-10177,Task,0,0.877426,0.4591,1,CONFSERVER
MESOS,MESOS-10175,Task,0,0.960109,0.4591,1,CONFSERVER
MESOS,MESOS-10174,Improvement,0,0.140493,0.4591,0,CONFSERVER
MESOS,MESOS-10171,Task,0,0.409565,0.4591,0,CONFSERVER
MESOS,MESOS-10170,Task,0,0.146967,0.4591,0,CONFSERVER
MESOS,MESOS-10169,Bug,0,0.011899,0.4591,0,CONFSERVER
MESOS,MESOS-10168,Task,0,0.548437,0.4591,1,CONFSERVER
MESOS,MESOS-10167,Bug,0,0.010193,0.4591,0,CONFSERVER
MESOS,MESOS-10166,Task,0,0.294884,0.4591,0,CONFSERVER
MESOS,MESOS-10165,Bug,0,0.005877,0.4591,0,CONFSERVER
MESOS,MESOS-10164,Bug,0,0.007444,0.4591,0,CONFSERVER
MESOS,MESOS-10163,Task,1,0.966067,0.4591,1,CONFSERVER
MESOS,MESOS-10161,Epic,1,0.765059,0.4591,1,CONFSERVER
MESOS,MESOS-10160,Improvement,0,0.430191,0.4591,0,CONFSERVER
MESOS,MESOS-10159,Bug,0,0.005326,0.4591,0,CONFSERVER
MESOS,MESOS-10158,Bug,0,0.015487,0.4591,0,CONFSERVER
MESOS,MESOS-10150,Task,1,0.942355,0.4591,1,CONFSERVER
MESOS,MESOS-10149,Task,1,0.971168,0.4591,1,CONFSERVER
MESOS,MESOS-10148,Task,1,0.931538,0.4591,1,CONFSERVER
MESOS,MESOS-10147,Task,1,0.466128,0.4591,1,CONFSERVER
MESOS,MESOS-10146,Bug,0,0.011956,0.4591,0,CONFSERVER
MESOS,MESOS-10145,Epic,1,0.983076,0.4591,1,CONFSERVER
MESOS,MESOS-10144,Bug,0,0.007644,0.4591,0,CONFSERVER
MESOS,MESOS-10143,Bug,0,0.00894,0.4591,0,CONFSERVER
MESOS,MESOS-10142,Task,1,0.884683,0.4591,1,CONFSERVER
MESOS,MESOS-10141,Epic,1,0.509992,0.4591,1,CONFSERVER
MESOS,MESOS-10140,Bug,0,0.010017,0.4591,0,CONFSERVER
MESOS,MESOS-10137,Bug,0,0.008644,0.4591,0,CONFSERVER
MESOS,MESOS-10136,Bug,0,0.006708,0.4591,0,CONFSERVER
MESOS,MESOS-10135,Bug,0,0.015015,0.4591,0,CONFSERVER
MESOS,MESOS-10134,Bug,0,0.005554,0.4591,0,CONFSERVER
MESOS,MESOS-10133,Bug,0,0.005005,0.4591,0,CONFSERVER
MESOS,MESOS-10132,Bug,0,0.009002,0.4591,0,CONFSERVER
MESOS,MESOS-10131,Bug,0,0.010918,0.4591,0,CONFSERVER
MESOS,MESOS-10130,Improvement,0,0.925494,0.4591,1,CONFSERVER
MESOS,MESOS-10129,Bug,0,0.007563,0.4591,0,CONFSERVER
MESOS,MESOS-10128,Bug,0,0.01041,0.4591,0,CONFSERVER
MESOS,MESOS-10124,Bug,0,0.040648,0.4591,0,CONFSERVER
MESOS,MESOS-10123,Bug,0,0.008812,0.4591,0,CONFSERVER
MESOS,MESOS-10122,Bug,0,0.032804,0.4591,0,CONFSERVER
MESOS,MESOS-10121,Task,0,0.027385,0.4591,0,CONFSERVER
MESOS,MESOS-10120,Bug,0,0.006964,0.4591,0,CONFSERVER
MESOS,MESOS-10119,Task,0,0.074336,0.4591,0,CONFSERVER
MESOS,MESOS-10118,Bug,0,0.008119,0.4591,0,CONFSERVER
MESOS,MESOS-10117,Task,0,0.094546,0.4591,0,CONFSERVER
MESOS,MESOS-10116,Bug,0,0.008153,0.4591,0,CONFSERVER
MESOS,MESOS-10114,Bug,0,0.013377,0.4591,0,CONFSERVER
MESOS,MESOS-10113,Bug,0,0.010368,0.4591,0,CONFSERVER
MESOS,MESOS-10112,Improvement,0,0.469386,0.4591,1,CONFSERVER
MESOS,MESOS-10111,Bug,0,0.008877,0.4591,0,CONFSERVER
MESOS,MESOS-10110,Bug,0,0.012906,0.4591,0,CONFSERVER
MESOS,MESOS-10109,Bug,0,0.01602,0.4591,0,CONFSERVER
MESOS,MESOS-10107,Bug,0,0.019315,0.4591,0,CONFSERVER
MESOS,MESOS-10106,Epic,1,0.988625,0.4591,1,CONFSERVER
MESOS,MESOS-10105,Wish,1,0.659232,0.4591,1,CONFSERVER
MESOS,MESOS-10104,Bug,0,0.014884,0.4591,0,CONFSERVER
MESOS,MESOS-10103,Bug,0,0.010832,0.4591,0,CONFSERVER
MESOS,MESOS-10102,Bug,0,0.006933,0.4591,0,CONFSERVER
MESOS,MESOS-10101,Improvement,0,0.146157,0.4591,0,CONFSERVER
MESOS,MESOS-10100,Bug,0,0.007097,0.4591,0,CONFSERVER
MESOS,MESOS-10099,Bug,0,0.01992,0.4591,0,CONFSERVER
MESOS,MESOS-10098,Bug,0,0.012764,0.4591,0,CONFSERVER
MESOS,MESOS-10097,Bug,0,0.00958,0.4591,0,CONFSERVER
MESOS,MESOS-10096,Bug,0,0.009667,0.4591,0,CONFSERVER
MESOS,MESOS-10095,Improvement,0,0.123736,0.4591,0,CONFSERVER
MESOS,MESOS-10094,Bug,0,0.006652,0.4591,0,CONFSERVER
MESOS,MESOS-10093,Bug,0,0.007765,0.4591,0,CONFSERVER
MESOS,MESOS-10092,Bug,0,0.013578,0.4591,0,CONFSERVER
MESOS,MESOS-10091,Bug,0,0.013513,0.4591,0,CONFSERVER
MESOS,MESOS-10090,Bug,0,0.016826,0.4591,0,CONFSERVER
MESOS,MESOS-10089,Bug,0,0.013105,0.4591,0,CONFSERVER
MESOS,MESOS-10088,Bug,0,0.017216,0.4591,0,CONFSERVER
MESOS,MESOS-10087,Task,0,0.385475,0.4591,0,CONFSERVER
MESOS,MESOS-10086,Task,0,0.868244,0.4591,1,CONFSERVER
MESOS,MESOS-10085,Bug,0,0.022598,0.4591,0,CONFSERVER
MESOS,MESOS-10084,Bug,0,0.013962,0.4591,0,CONFSERVER
MESOS,MESOS-10083,Bug,0,0.026524,0.4591,0,CONFSERVER
MESOS,MESOS-10081,Task,0,0.755544,0.4591,1,CONFSERVER
MESOS,MESOS-10080,Task,0,0.132793,0.4591,0,CONFSERVER
MESOS,MESOS-10079,Task,0,0.086885,0.4591,0,CONFSERVER
MESOS,MESOS-10077,Task,0,0.136811,0.4591,0,CONFSERVER
MESOS,MESOS-10076,Task,0,0.377061,0.4591,0,CONFSERVER
MESOS,MESOS-10074,Task,0,0.931461,0.4591,1,CONFSERVER
MESOS,MESOS-10073,Task,0,0.14441,0.4591,0,CONFSERVER
MESOS,MESOS-10072,Task,0,0.15161,0.4591,0,CONFSERVER
MESOS,MESOS-10071,Task,0,0.209129,0.4591,0,CONFSERVER
MESOS,MESOS-10070,Task,0,0.199293,0.4591,0,CONFSERVER
MESOS,MESOS-10069,Task,0,0.397504,0.4591,0,CONFSERVER
MESOS,MESOS-10068,Bug,0,0.010951,0.4591,0,CONFSERVER
MESOS,MESOS-10066,Bug,0,0.018478,0.4591,0,CONFSERVER
MESOS,MESOS-10064,Task,0,0.071434,0.4591,0,CONFSERVER
MESOS,MESOS-10063,Task,0,0.432732,0.4591,0,CONFSERVER
MESOS,MESOS-10062,Task,0,0.194443,0.4591,0,CONFSERVER
MESOS,MESOS-10061,Task,0,0.582045,0.4591,1,CONFSERVER
MESOS,MESOS-10060,Task,1,0.707768,0.4591,1,CONFSERVER
MESOS,MESOS-10059,Task,0,0.287348,0.4591,0,CONFSERVER
MESOS,MESOS-10058,Task,0,0.915444,0.4591,1,CONFSERVER
MESOS,MESOS-10057,Improvement,1,0.855772,0.4591,1,CONFSERVER
MESOS,MESOS-10056,Improvement,0,0.969279,0.4591,1,CONFSERVER
MESOS,MESOS-10054,Task,0,0.173815,0.4591,0,CONFSERVER
MESOS,MESOS-10053,Task,0,0.184763,0.4591,0,CONFSERVER
MESOS,MESOS-10048,Task,0,0.126401,0.4591,0,CONFSERVER
MESOS,MESOS-10046,Task,0,0.395399,0.4591,0,CONFSERVER
MESOS,MESOS-10045,Task,0,0.263443,0.4591,0,CONFSERVER
MESOS,MESOS-10042,Bug,0,0.004877,0.4591,0,CONFSERVER
MESOS,MESOS-10041,Bug,0,0.007464,0.4591,0,CONFSERVER
MESOS,MESOS-10040,Improvement,1,0.563407,0.4591,1,CONFSERVER
MESOS,MESOS-10039,Task,0,0.266455,0.4591,0,CONFSERVER
MESOS,MESOS-10038,Task,1,0.970028,0.4591,1,CONFSERVER
MESOS,MESOS-10037,Task,0,0.866213,0.4591,1,CONFSERVER
MESOS,MESOS-10036,Task,0,0.963731,0.4591,1,CONFSERVER
MESOS,MESOS-10035,Task,1,0.935198,0.4591,1,CONFSERVER
MESOS,MESOS-10034,Epic,1,0.962799,0.4591,1,CONFSERVER
MESOS,MESOS-10033,Task,1,0.986449,0.4591,1,CONFSERVER
MESOS,MESOS-10032,Improvement,0,0.248577,0.4591,0,CONFSERVER
MESOS,MESOS-10031,Bug,0,0.010487,0.4591,0,CONFSERVER
MESOS,MESOS-10030,Improvement,0,0.108319,0.4591,0,CONFSERVER
MESOS,MESOS-10029,Bug,0,0.008871,0.4591,0,CONFSERVER
MESOS,MESOS-10028,Bug,0,0.008136,0.4591,0,CONFSERVER
MESOS,MESOS-10027,Bug,0,0.010364,0.4591,0,CONFSERVER
MESOS,MESOS-10026,Improvement,1,0.295972,0.4591,0,CONFSERVER
MESOS,MESOS-10025,Bug,0,0.007424,0.4591,0,CONFSERVER
MESOS,MESOS-10024,Bug,0,0.013415,0.4591,0,CONFSERVER
MESOS,MESOS-10023,Bug,0,0.03488,0.4591,0,CONFSERVER
MESOS,MESOS-10022,Bug,0,0.005935,0.4591,0,CONFSERVER
MESOS,MESOS-10021,Bug,0,0.007121,0.4591,0,CONFSERVER
MESOS,MESOS-10020,Bug,0,0.007816,0.4591,0,CONFSERVER
MESOS,MESOS-10019,Bug,0,0.008425,0.4591,0,CONFSERVER
MESOS,MESOS-10018,Bug,0,0.01148,0.4591,0,CONFSERVER
MESOS,MESOS-10017,Improvement,0,0.664693,0.4591,1,CONFSERVER
MESOS,MESOS-10016,Improvement,0,0.280549,0.4591,0,CONFSERVER
MESOS,MESOS-10015,Bug,0,0.018389,0.4591,0,CONFSERVER
MESOS,MESOS-9914,Improvement,1,0.986325,0.4591,1,CONFSERVER
MESOS,MESOS-9722,Improvement,1,0.915501,0.4591,1,CONFSERVER
MESOS,MESOS-9449,Improvement,1,0.955986,0.4591,1,CONFSERVER
MESOS,MESOS-9412,Wish,1,0.98317,0.4591,1,CONFSERVER
MESOS,MESOS-9380,Task,1,0.983364,0.4591,1,CONFSERVER
MESOS,MESOS-9379,Task,1,0.981506,0.4591,1,CONFSERVER
MESOS,MESOS-9378,Task,1,0.986089,0.4591,1,CONFSERVER
MESOS,MESOS-9377,Task,1,0.986679,0.4591,1,CONFSERVER
MESOS,MESOS-9376,Task,1,0.984947,0.4591,1,CONFSERVER
MESOS,MESOS-9372,Epic,1,0.992195,0.4591,1,CONFSERVER
MESOS,MESOS-8974,Improvement,1,0.799856,0.4591,1,CONFSERVER
MESOS,MESOS-8924,Improvement,1,0.975288,0.4591,1,CONFSERVER
MESOS,MESOS-8314,Task,1,0.698066,0.4591,1,CONFSERVER
MESOS,MESOS-8106,Improvement,1,0.313787,0.4591,0,CONFSERVER
MESOS,MESOS-8102,Task,1,0.502037,0.4591,1,CONFSERVER
MESOS,MESOS-8018,Improvement,1,0.989688,0.4591,1,CONFSERVER
MESOS,MESOS-7870,Improvement,1,0.971675,0.4591,1,CONFSERVER
MESOS,MESOS-7664,Task,1,0.915647,0.4591,1,CONFSERVER
MESOS,MESOS-7479,Improvement,1,0.722831,0.4591,1,CONFSERVER
MESOS,MESOS-7315,Task,1,0.987922,0.4591,1,CONFSERVER
MESOS,MESOS-7289,Epic,1,0.986229,0.4591,1,CONFSERVER
MESOS,MESOS-7285,Task,1,0.957495,0.4591,1,CONFSERVER
MESOS,MESOS-7235,Epic,1,0.989244,0.4591,1,CONFSERVER
MESOS,MESOS-7231,Improvement,1,0.425003,0.4591,0,CONFSERVER
MESOS,MESOS-7199,Improvement,1,0.967678,0.4591,1,CONFSERVER
MESOS,MESOS-7161,Improvement,1,0.962585,0.4591,1,CONFSERVER
MESOS,MESOS-7140,Wish,1,0.949676,0.4591,1,CONFSERVER
MESOS,MESOS-7128,Improvement,1,0.792377,0.4591,1,CONFSERVER
MESOS,MESOS-7120,Improvement,1,0.980408,0.4591,1,CONFSERVER
MESOS,MESOS-7079,Epic,1,0.981365,0.4591,1,CONFSERVER
MESOS,MESOS-7013,Task,1,0.773489,0.4591,1,CONFSERVER
MESOS,MESOS-7002,Task,1,0.923745,0.4591,1,CONFSERVER
MESOS,MESOS-7001,Task,1,0.907123,0.4591,1,CONFSERVER
MESOS,MESOS-7000,Task,1,0.851662,0.4591,1,CONFSERVER
MESOS,MESOS-6998,Task,1,0.594546,0.4591,1,CONFSERVER
MULE,MULE-18334,Task,0,0.986283,0.1409,1,CONFSERVER
MULE,MULE-18312,Bug,0,0.004784,0.1409,0,CONFSERVER
MULE,MULE-17646,Bug,0,0.002273,0.1409,0,CONFSERVER
MULE,MULE-16743,Task,0,0.009674,0.1409,0,CONFSERVER
MULE,MULE-16680,Task,0,0.007894,0.1409,0,CONFSERVER
MULE,MULE-16654,Task,0,0.017394,0.1409,0,CONFSERVER
MULE,MULE-16176,Task,0,0.936077,0.1409,1,CONFSERVER
MULE,MULE-16175,Task,0,0.965616,0.1409,1,CONFSERVER
MULE,MULE-15290,Task,1,0.979075,0.1409,1,CONFSERVER
MULE,MULE-14856,Bug,0,0.003505,0.1409,0,CONFSERVER
MULE,MULE-14855,Bug,0,0.00362,0.1409,0,CONFSERVER
MULE,MULE-14854,Bug,0,0.004374,0.1409,0,CONFSERVER
MULE,MULE-14853,Bug,0,0.005845,0.1409,0,CONFSERVER
MULE,MULE-14851,Bug,0,0.005921,0.1409,0,CONFSERVER
MULE,MULE-14850,Bug,0,0.002919,0.1409,0,CONFSERVER
MULE,MULE-14848,Bug,0,0.023819,0.1409,0,CONFSERVER
MULE,MULE-14847,Bug,0,0.00251,0.1409,0,CONFSERVER
MULE,MULE-14846,Task,1,0.995919,0.1409,1,CONFSERVER
MULE,MULE-14845,Enhancement Request,1,0.992103,0.1409,1,CONFSERVER
MULE,MULE-14844,Bug,0,0.002286,0.1409,0,CONFSERVER
MULE,MULE-14843,Task,0,0.059298,0.1409,0,CONFSERVER
MULE,MULE-14842,Enhancement Request,0,0.919726,0.1409,1,CONFSERVER
MULE,MULE-14840,Enhancement Request,0,0.004706,0.1409,0,CONFSERVER
MULE,MULE-14837,Task,0,0.008356,0.1409,0,CONFSERVER
MULE,MULE-14836,Bug,0,0.004309,0.1409,0,CONFSERVER
MULE,MULE-14835,Bug,0,0.00422,0.1409,0,CONFSERVER
MULE,MULE-14834,Bug,0,0.011666,0.1409,0,CONFSERVER
MULE,MULE-14833,Bug,0,0.003012,0.1409,0,CONFSERVER
MULE,MULE-14832,Task,0,0.009812,0.1409,0,CONFSERVER
MULE,MULE-14831,Task,0,0.006473,0.1409,0,CONFSERVER
MULE,MULE-14829,Bug,0,0.001673,0.1409,0,CONFSERVER
MULE,MULE-14828,Bug,0,0.005452,0.1409,0,CONFSERVER
MULE,MULE-14826,Bug,0,0.002047,0.1409,0,CONFSERVER
MULE,MULE-14823,Enhancement Request,0,0.984904,0.1409,1,CONFSERVER
MULE,MULE-14822,Bug,0,0.003792,0.1409,0,CONFSERVER
MULE,MULE-14820,Task,0,0.003946,0.1409,0,CONFSERVER
MULE,MULE-14819,Enhancement Request,0,0.281366,0.1409,1,CONFSERVER
MULE,MULE-14817,Task,1,0.014649,0.1409,0,CONFSERVER
MULE,MULE-14816,Enhancement Request,1,0.99794,0.1409,1,CONFSERVER
MULE,MULE-14815,Task,1,0.989758,0.1409,1,CONFSERVER
MULE,MULE-14814,Task,0,0.174854,0.1409,1,CONFSERVER
MULE,MULE-14811,Bug,0,0.002729,0.1409,0,CONFSERVER
MULE,MULE-14810,Bug,0,0.007032,0.1409,0,CONFSERVER
MULE,MULE-14809,Enhancement Request,0,0.996864,0.1409,1,CONFSERVER
MULE,MULE-14806,Enhancement Request,0,0.170495,0.1409,1,CONFSERVER
MULE,MULE-14803,Bug,0,0.00246,0.1409,0,CONFSERVER
MULE,MULE-14802,Enhancement Request,0,0.994401,0.1409,1,CONFSERVER
MULE,MULE-14801,Bug,0,0.004853,0.1409,0,CONFSERVER
MULE,MULE-14800,Bug,0,0.005248,0.1409,0,CONFSERVER
MULE,MULE-14799,Task,0,0.005131,0.1409,0,CONFSERVER
MULE,MULE-14798,Task,0,0.989801,0.1409,1,CONFSERVER
MULE,MULE-14797,Task,0,0.013241,0.1409,0,CONFSERVER
MULE,MULE-14796,Task,0,0.020132,0.1409,0,CONFSERVER
MULE,MULE-14795,Task,0,0.007158,0.1409,0,CONFSERVER
MULE,MULE-14794,Task,0,0.014569,0.1409,0,CONFSERVER
MULE,MULE-14793,Enhancement Request,0,0.964915,0.1409,1,CONFSERVER
MULE,MULE-14789,Bug,0,0.00198,0.1409,0,CONFSERVER
MULE,MULE-14788,Bug,0,0.005224,0.1409,0,CONFSERVER
MULE,MULE-14787,Enhancement Request,1,0.998382,0.1409,1,CONFSERVER
MULE,MULE-14786,Enhancement Request,0,0.996946,0.1409,1,CONFSERVER
MULE,MULE-14782,Task,0,0.006766,0.1409,0,CONFSERVER
MULE,MULE-14781,Bug,0,0.003986,0.1409,0,CONFSERVER
MULE,MULE-14779,Task,1,0.97889,0.1409,1,CONFSERVER
MULE,MULE-14778,Bug,0,0.004322,0.1409,0,CONFSERVER
MULE,MULE-14777,Epic,1,0.999,0.1409,1,CONFSERVER
MULE,MULE-14775,Bug,0,0.004239,0.1409,0,CONFSERVER
MULE,MULE-14774,Bug,0,0.010451,0.1409,0,CONFSERVER
MULE,MULE-14773,Task,0,0.005441,0.1409,0,CONFSERVER
MULE,MULE-14772,Enhancement Request,1,0.997306,0.1409,1,CONFSERVER
MULE,MULE-14769,Bug,0,0.004941,0.1409,0,CONFSERVER
MULE,MULE-14768,Bug,0,0.003287,0.1409,0,CONFSERVER
MULE,MULE-14766,Task,0,0.020522,0.1409,0,CONFSERVER
MULE,MULE-14765,Enhancement Request,0,0.69735,0.1409,1,CONFSERVER
MULE,MULE-14764,Bug,0,0.00542,0.1409,0,CONFSERVER
MULE,MULE-14763,Task,0,0.006522,0.1409,0,CONFSERVER
MULE,MULE-14760,Bug,0,0.002061,0.1409,0,CONFSERVER
MULE,MULE-14758,Epic,1,0.998767,0.1409,1,CONFSERVER
MULE,MULE-14757,Bug,0,0.00421,0.1409,0,CONFSERVER
MULE,MULE-14755,Bug,0,0.011822,0.1409,0,CONFSERVER
MULE,MULE-14754,Bug,0,0.006445,0.1409,0,CONFSERVER
MULE,MULE-14751,Task,0,0.011262,0.1409,0,CONFSERVER
MULE,MULE-14750,Enhancement Request,0,0.94706,0.1409,1,CONFSERVER
MULE,MULE-14749,Bug,0,0.004403,0.1409,0,CONFSERVER
MULE,MULE-14748,Enhancement Request,1,0.524185,0.1409,1,CONFSERVER
MULE,MULE-14747,Task,1,0.90142,0.1409,1,CONFSERVER
MULE,MULE-14746,Task,1,0.997885,0.1409,1,CONFSERVER
MULE,MULE-14745,Bug,0,0.004431,0.1409,0,CONFSERVER
MULE,MULE-14744,Bug,0,0.005767,0.1409,0,CONFSERVER
MULE,MULE-14743,Bug,0,0.002901,0.1409,0,CONFSERVER
MULE,MULE-14741,Bug,0,0.00297,0.1409,0,CONFSERVER
MULE,MULE-14740,Bug,0,0.002254,0.1409,0,CONFSERVER
MULE,MULE-14737,Task,1,0.00843,0.1409,0,CONFSERVER
MULE,MULE-14736,Bug,0,0.003089,0.1409,0,CONFSERVER
MULE,MULE-14735,Bug,0,0.003076,0.1409,0,CONFSERVER
MULE,MULE-14734,Task,0,0.002877,0.1409,0,CONFSERVER
MULE,MULE-14731,Task,0,0.035295,0.1409,0,CONFSERVER
MULE,MULE-14729,Task,1,0.986549,0.1409,1,CONFSERVER
MULE,MULE-14728,Epic,1,0.998633,0.1409,1,CONFSERVER
MULE,MULE-14723,Enhancement Request,1,0.949927,0.1409,1,CONFSERVER
MULE,MULE-14722,Bug,0,0.001857,0.1409,0,CONFSERVER
MULE,MULE-14721,Task,0,0.044691,0.1409,0,CONFSERVER
MULE,MULE-14719,Enhancement Request,0,0.472274,0.1409,1,CONFSERVER
MULE,MULE-14718,Task,0,0.989628,0.1409,1,CONFSERVER
MULE,MULE-14717,Task,0,0.036795,0.1409,0,CONFSERVER
MULE,MULE-14716,Task,0,0.945693,0.1409,1,CONFSERVER
MULE,MULE-14715,Task,0,0.991031,0.1409,1,CONFSERVER
MULE,MULE-14714,Task,0,0.014057,0.1409,0,CONFSERVER
MULE,MULE-14713,Task,0,0.335785,0.1409,1,CONFSERVER
MULE,MULE-14712,Epic,0,0.998852,0.1409,1,CONFSERVER
MULE,MULE-14710,Task,1,0.998655,0.1409,1,CONFSERVER
MULE,MULE-14709,Task,0,0.013898,0.1409,0,CONFSERVER
MULE,MULE-14705,Task,0,0.002976,0.1409,0,CONFSERVER
MULE,MULE-14701,Bug,0,0.004433,0.1409,0,CONFSERVER
MULE,MULE-14700,Bug,0,0.002742,0.1409,0,CONFSERVER
MULE,MULE-14699,Bug,0,0.002341,0.1409,0,CONFSERVER
MULE,MULE-14698,Bug,0,0.001879,0.1409,0,CONFSERVER
MULE,MULE-14696,Bug,0,0.002388,0.1409,0,CONFSERVER
MULE,MULE-14695,Task,0,0.013802,0.1409,0,CONFSERVER
MULE,MULE-14694,Bug,0,0.004369,0.1409,0,CONFSERVER
MULE,MULE-14693,Enhancement Request,0,0.092425,0.1409,0,CONFSERVER
MULE,MULE-14688,Bug,0,0.002405,0.1409,0,CONFSERVER
MULE,MULE-14687,Task,1,0.032201,0.1409,0,CONFSERVER
MULE,MULE-14686,Bug,0,0.002185,0.1409,0,CONFSERVER
MULE,MULE-14685,Task,0,0.008552,0.1409,0,CONFSERVER
MULE,MULE-14684,Task,0,0.99442,0.1409,1,CONFSERVER
MULE,MULE-14683,Bug,0,0.00186,0.1409,0,CONFSERVER
MULE,MULE-14681,Bug,0,0.002881,0.1409,0,CONFSERVER
MULE,MULE-14680,Bug,0,0.009078,0.1409,0,CONFSERVER
MULE,MULE-14679,Task,0,0.006644,0.1409,0,CONFSERVER
MULE,MULE-14677,Enhancement Request,1,0.030559,0.1409,0,CONFSERVER
MULE,MULE-14676,Enhancement Request,0,0.079099,0.1409,0,CONFSERVER
MULE,MULE-14675,Bug,0,0.002986,0.1409,0,CONFSERVER
MULE,MULE-14672,Task,0,0.015156,0.1409,0,CONFSERVER
MULE,MULE-14670,Bug,0,0.003277,0.1409,0,CONFSERVER
MULE,MULE-14669,Bug,0,0.004406,0.1409,0,CONFSERVER
MULE,MULE-14668,Task,0,0.003263,0.1409,0,CONFSERVER
MULE,MULE-14667,Task,0,0.013858,0.1409,0,CONFSERVER
MULE,MULE-14666,Bug,0,0.006481,0.1409,0,CONFSERVER
MULE,MULE-14665,Bug,0,0.004247,0.1409,0,CONFSERVER
MULE,MULE-14663,Task,0,0.040352,0.1409,0,CONFSERVER
MULE,MULE-14661,Enhancement Request,0,0.016417,0.1409,0,CONFSERVER
MULE,MULE-14659,Task,0,0.004865,0.1409,0,CONFSERVER
MULE,MULE-14658,Bug,0,0.002344,0.1409,0,CONFSERVER
MULE,MULE-14656,Story,0,0.902136,0.1409,1,CONFSERVER
MULE,MULE-14655,Epic,0,0.998585,0.1409,1,CONFSERVER
MULE,MULE-14653,Task,0,0.959154,0.1409,1,CONFSERVER
MULE,MULE-14650,Task,0,0.016054,0.1409,0,CONFSERVER
MULE,MULE-14465,Enhancement Request,1,0.611958,0.1409,1,CONFSERVER
MULE,MULE-14419,Enhancement Request,1,0.997777,0.1409,1,CONFSERVER
MULE,MULE-14410,Enhancement Request,1,0.565984,0.1409,1,CONFSERVER
MULE,MULE-14374,Enhancement Request,1,0.992623,0.1409,1,CONFSERVER
MULE,MULE-14327,Enhancement Request,1,0.703731,0.1409,1,CONFSERVER
MULE,MULE-14121,Enhancement Request,1,0.998383,0.1409,1,CONFSERVER
MULE,MULE-13517,Task,1,0.998024,0.1409,1,CONFSERVER
MULE,MULE-13471,Task,1,0.903407,0.1409,1,CONFSERVER
MULE,MULE-13426,Task,1,0.987899,0.1409,1,CONFSERVER
MULE,MULE-12963,Enhancement Request,1,0.996985,0.1409,1,CONFSERVER
MULE,MULE-12849,Enhancement Request,1,0.995731,0.1409,1,CONFSERVER
MULE,MULE-12699,Enhancement Request,1,0.996154,0.1409,1,CONFSERVER
MULE,MULE-12147,Enhancement Request,1,0.998343,0.1409,1,CONFSERVER
MULE,MULE-11814,Enhancement Request,1,0.998237,0.1409,1,CONFSERVER
MULE,MULE-11808,Enhancement Request,1,0.99845,0.1409,1,CONFSERVER
MULE,MULE-11807,Epic,1,0.99878,0.1409,1,CONFSERVER
MULE,MULE-11790,Enhancement Request,1,0.99539,0.1409,1,CONFSERVER
MULE,MULE-11788,Task,1,0.973443,0.1409,1,CONFSERVER
MULE,MULE-11787,Epic,1,0.998797,0.1409,1,CONFSERVER
MULE,MULE-11773,Enhancement Request,1,0.996169,0.1409,1,CONFSERVER
MULE,MULE-11655,Enhancement Request,1,0.996376,0.1409,1,CONFSERVER
MULE,MULE-11653,Enhancement Request,1,0.99539,0.1409,1,CONFSERVER
MULE,MULE-11649,Epic,1,0.998796,0.1409,1,CONFSERVER
MULE,MULE-11560,Epic,1,0.998871,0.1409,1,CONFSERVER
MULE,MULE-11559,Epic,1,0.998739,0.1409,1,CONFSERVER
MULE,MULE-11540,Enhancement Request,1,0.998454,0.1409,1,CONFSERVER
MULE,MULE-11481,Task,1,0.997263,0.1409,1,CONFSERVER
MULE,MULE-11373,Epic,1,0.998556,0.1409,1,CONFSERVER
MULE,MULE-11321,Task,1,0.997214,0.1409,1,CONFSERVER
MULE,MULE-11305,Enhancement Request,1,0.996848,0.1409,1,CONFSERVER
MULE,MULE-11252,Enhancement Request,1,0.998291,0.1409,1,CONFSERVER
MULE,MULE-11225,Epic,1,0.998538,0.1409,1,CONFSERVER
MULE,MULE-11213,Task,1,0.987519,0.1409,1,CONFSERVER
MULE,MULE-11134,Epic,1,0.998764,0.1409,1,CONFSERVER
MULE,MULE-11102,Task,1,0.995408,0.1409,1,CONFSERVER
NEXUS,NEXUS-25611,Bug,0,0.005368,0.2682,0,CONFSERVER
NEXUS,NEXUS-25609,Bug,0,0.009756,0.2682,0,CONFSERVER
NEXUS,NEXUS-25608,Bug,0,0.004769,0.2682,0,CONFSERVER
NEXUS,NEXUS-25607,Improvement,0,0.166849,0.2682,0,CONFSERVER
NEXUS,NEXUS-25606,Improvement,0,0.200425,0.2682,0,CONFSERVER
NEXUS,NEXUS-25605,Bug,0,0.005964,0.2682,0,CONFSERVER
NEXUS,NEXUS-25604,Bug,0,0.002562,0.2682,0,CONFSERVER
NEXUS,NEXUS-25603,Bug,0,0.008974,0.2682,0,CONFSERVER
NEXUS,NEXUS-25599,Bug,0,0.005798,0.2682,0,CONFSERVER
NEXUS,NEXUS-25598,Improvement,1,0.949389,0.2682,1,CONFSERVER
NEXUS,NEXUS-25583,Bug,0,0.003285,0.2682,0,CONFSERVER
NEXUS,NEXUS-25576,Bug,0,0.004274,0.2682,0,CONFSERVER
NEXUS,NEXUS-25575,Bug,0,0.003082,0.2682,0,CONFSERVER
NEXUS,NEXUS-25529,Bug,0,0.004267,0.2682,0,CONFSERVER
NEXUS,NEXUS-25528,Improvement,0,0.910894,0.2682,1,CONFSERVER
NEXUS,NEXUS-25527,Bug,0,0.002082,0.2682,0,CONFSERVER
NEXUS,NEXUS-25521,Bug,0,0.00658,0.2682,0,CONFSERVER
NEXUS,NEXUS-25520,Improvement,0,0.94013,0.2682,1,CONFSERVER
NEXUS,NEXUS-25518,Improvement,1,0.905796,0.2682,1,CONFSERVER
NEXUS,NEXUS-25513,Bug,0,0.006123,0.2682,0,CONFSERVER
NEXUS,NEXUS-25510,Bug,0,0.005059,0.2682,0,CONFSERVER
NEXUS,NEXUS-25509,Bug,0,0.00544,0.2682,0,CONFSERVER
NEXUS,NEXUS-25507,Bug,0,0.008267,0.2682,0,CONFSERVER
NEXUS,NEXUS-25506,Improvement,0,0.698114,0.2682,1,CONFSERVER
NEXUS,NEXUS-25505,Improvement,0,0.756319,0.2682,1,CONFSERVER
NEXUS,NEXUS-25504,Bug,0,0.003684,0.2682,0,CONFSERVER
NEXUS,NEXUS-25502,Bug,0,0.004512,0.2682,0,CONFSERVER
NEXUS,NEXUS-25491,Bug,0,0.00736,0.2682,0,CONFSERVER
NEXUS,NEXUS-25478,Bug,0,0.004098,0.2682,0,CONFSERVER
NEXUS,NEXUS-25475,Bug,0,0.026944,0.2682,0,CONFSERVER
NEXUS,NEXUS-25472,Improvement,1,0.866483,0.2682,1,CONFSERVER
NEXUS,NEXUS-25468,Improvement,1,0.855094,0.2682,1,CONFSERVER
NEXUS,NEXUS-25464,Bug,0,0.003148,0.2682,0,CONFSERVER
NEXUS,NEXUS-25463,Improvement,1,0.991327,0.2682,1,CONFSERVER
NEXUS,NEXUS-25457,Bug,0,0.003514,0.2682,0,CONFSERVER
NEXUS,NEXUS-25456,Bug,0,0.00554,0.2682,0,CONFSERVER
NEXUS,NEXUS-25453,Improvement,0,0.357327,0.2682,1,CONFSERVER
NEXUS,NEXUS-25444,Improvement,1,0.905765,0.2682,1,CONFSERVER
NEXUS,NEXUS-25425,Bug,0,0.005457,0.2682,0,CONFSERVER
NEXUS,NEXUS-25424,Improvement,0,0.035025,0.2682,0,CONFSERVER
NEXUS,NEXUS-25420,Bug,0,0.004959,0.2682,0,CONFSERVER
NEXUS,NEXUS-25418,Improvement,1,0.843231,0.2682,1,CONFSERVER
NEXUS,NEXUS-25408,Bug,0,0.003687,0.2682,0,CONFSERVER
NEXUS,NEXUS-25386,Bug,0,0.005615,0.2682,0,CONFSERVER
NEXUS,NEXUS-25378,Bug,0,0.00531,0.2682,0,CONFSERVER
NEXUS,NEXUS-25357,Bug,0,0.005628,0.2682,0,CONFSERVER
NEXUS,NEXUS-25356,Bug,0,0.00328,0.2682,0,CONFSERVER
NEXUS,NEXUS-25347,Bug,0,0.006357,0.2682,0,CONFSERVER
NEXUS,NEXUS-25340,Bug,0,0.004356,0.2682,0,CONFSERVER
NEXUS,NEXUS-25336,Improvement,0,0.162897,0.2682,0,CONFSERVER
NEXUS,NEXUS-25335,Improvement,0,0.089537,0.2682,0,CONFSERVER
NEXUS,NEXUS-25307,Story,0,0.085766,0.2682,0,CONFSERVER
NEXUS,NEXUS-25306,Bug,0,0.002838,0.2682,0,CONFSERVER
NEXUS,NEXUS-25304,Bug,0,0.008693,0.2682,0,CONFSERVER
NEXUS,NEXUS-25303,Improvement,0,0.393433,0.2682,1,CONFSERVER
NEXUS,NEXUS-25296,Bug,0,0.003017,0.2682,0,CONFSERVER
NEXUS,NEXUS-25294,Bug,0,0.010886,0.2682,0,CONFSERVER
NEXUS,NEXUS-25292,Bug,0,0.006067,0.2682,0,CONFSERVER
NEXUS,NEXUS-25291,Bug,0,0.013833,0.2682,0,CONFSERVER
NEXUS,NEXUS-25287,Bug,0,0.002664,0.2682,0,CONFSERVER
NEXUS,NEXUS-25286,Bug,0,0.006146,0.2682,0,CONFSERVER
NEXUS,NEXUS-25275,Improvement,0,0.615575,0.2682,1,CONFSERVER
NEXUS,NEXUS-25274,Improvement,0,0.551463,0.2682,1,CONFSERVER
NEXUS,NEXUS-25239,Story,0,0.936313,0.2682,1,CONFSERVER
NEXUS,NEXUS-25238,Story,0,0.289139,0.2682,1,CONFSERVER
NEXUS,NEXUS-25237,Story,0,0.119869,0.2682,0,CONFSERVER
NEXUS,NEXUS-25236,Bug,0,0.002835,0.2682,0,CONFSERVER
NEXUS,NEXUS-25231,Improvement,0,0.695082,0.2682,1,CONFSERVER
NEXUS,NEXUS-25226,Bug,0,0.005628,0.2682,0,CONFSERVER
NEXUS,NEXUS-25218,Story,0,0.567838,0.2682,1,CONFSERVER
NEXUS,NEXUS-25217,Bug,0,0.005708,0.2682,0,CONFSERVER
NEXUS,NEXUS-25216,Bug,0,0.006367,0.2682,0,CONFSERVER
NEXUS,NEXUS-25209,Improvement,1,0.756608,0.2682,1,CONFSERVER
NEXUS,NEXUS-25205,Bug,0,0.003575,0.2682,0,CONFSERVER
NEXUS,NEXUS-25202,Bug,0,0.008265,0.2682,0,CONFSERVER
NEXUS,NEXUS-25201,Bug,0,0.008102,0.2682,0,CONFSERVER
NEXUS,NEXUS-25200,Improvement,0,0.25902,0.2682,0,CONFSERVER
NEXUS,NEXUS-25199,Bug,0,0.005883,0.2682,0,CONFSERVER
NEXUS,NEXUS-25190,Bug,0,0.004816,0.2682,0,CONFSERVER
NEXUS,NEXUS-25189,Improvement,0,0.054902,0.2682,0,CONFSERVER
NEXUS,NEXUS-25186,Bug,0,0.003963,0.2682,0,CONFSERVER
NEXUS,NEXUS-25182,Bug,0,0.005536,0.2682,0,CONFSERVER
NEXUS,NEXUS-25181,Bug,0,0.006221,0.2682,0,CONFSERVER
NEXUS,NEXUS-25180,Bug,0,0.005839,0.2682,0,CONFSERVER
NEXUS,NEXUS-25179,Bug,0,0.005273,0.2682,0,CONFSERVER
NEXUS,NEXUS-25177,Bug,0,0.006446,0.2682,0,CONFSERVER
NEXUS,NEXUS-25174,Bug,0,0.004239,0.2682,0,CONFSERVER
NEXUS,NEXUS-25163,Bug,0,0.003338,0.2682,0,CONFSERVER
NEXUS,NEXUS-25162,Story,0,0.868717,0.2682,1,CONFSERVER
NEXUS,NEXUS-25159,Bug,0,0.004469,0.2682,0,CONFSERVER
NEXUS,NEXUS-25158,Bug,0,0.021741,0.2682,0,CONFSERVER
NEXUS,NEXUS-25156,Bug,0,0.004549,0.2682,0,CONFSERVER
NEXUS,NEXUS-25154,Improvement,0,0.982003,0.2682,1,CONFSERVER
NEXUS,NEXUS-25152,Bug,0,0.003646,0.2682,0,CONFSERVER
NEXUS,NEXUS-25149,Bug,0,0.003177,0.2682,0,CONFSERVER
NEXUS,NEXUS-25147,Bug,0,0.005027,0.2682,0,CONFSERVER
NEXUS,NEXUS-25140,Bug,0,0.005342,0.2682,0,CONFSERVER
NEXUS,NEXUS-25135,Bug,0,0.015855,0.2682,0,CONFSERVER
NEXUS,NEXUS-25130,Improvement,0,0.193532,0.2682,0,CONFSERVER
NEXUS,NEXUS-25129,Bug,0,0.00623,0.2682,0,CONFSERVER
NEXUS,NEXUS-25118,Improvement,0,0.202092,0.2682,0,CONFSERVER
NEXUS,NEXUS-25117,Improvement,1,0.773921,0.2682,1,CONFSERVER
NEXUS,NEXUS-25110,Improvement,0,0.692472,0.2682,1,CONFSERVER
NEXUS,NEXUS-25107,Bug,0,0.006847,0.2682,0,CONFSERVER
NEXUS,NEXUS-25105,Bug,0,0.009676,0.2682,0,CONFSERVER
NEXUS,NEXUS-25099,Improvement,1,0.851926,0.2682,1,CONFSERVER
NEXUS,NEXUS-25098,Improvement,1,0.984312,0.2682,1,CONFSERVER
NEXUS,NEXUS-25095,Improvement,1,0.292435,0.2682,1,CONFSERVER
NEXUS,NEXUS-25090,Bug,0,0.003888,0.2682,0,CONFSERVER
NEXUS,NEXUS-25086,Task,0,0.082553,0.2682,0,CONFSERVER
NEXUS,NEXUS-25085,Task,0,0.082125,0.2682,0,CONFSERVER
NEXUS,NEXUS-25058,Bug,0,0.00419,0.2682,0,CONFSERVER
NEXUS,NEXUS-25039,Bug,0,0.003729,0.2682,0,CONFSERVER
NEXUS,NEXUS-25037,Bug,0,0.005624,0.2682,0,CONFSERVER
NEXUS,NEXUS-25036,Bug,0,0.014093,0.2682,0,CONFSERVER
NEXUS,NEXUS-25035,Improvement,0,0.170441,0.2682,0,CONFSERVER
NEXUS,NEXUS-25032,Improvement,0,0.1054,0.2682,0,CONFSERVER
NEXUS,NEXUS-25019,Bug,0,0.004329,0.2682,0,CONFSERVER
NEXUS,NEXUS-24999,Bug,0,0.003252,0.2682,0,CONFSERVER
NEXUS,NEXUS-24998,Bug,0,0.005502,0.2682,0,CONFSERVER
NEXUS,NEXUS-24995,Bug,0,0.006122,0.2682,0,CONFSERVER
NEXUS,NEXUS-24990,Improvement,1,0.20173,0.2682,0,CONFSERVER
NEXUS,NEXUS-24988,Bug,0,0.004353,0.2682,0,CONFSERVER
NEXUS,NEXUS-24953,Bug,0,0.006388,0.2682,0,CONFSERVER
NEXUS,NEXUS-24939,Story,1,0.278306,0.2682,1,CONFSERVER
NEXUS,NEXUS-24938,Story,1,0.333534,0.2682,1,CONFSERVER
NEXUS,NEXUS-24937,Bug,0,0.005065,0.2682,0,CONFSERVER
NEXUS,NEXUS-24925,Bug,0,0.004586,0.2682,0,CONFSERVER
NEXUS,NEXUS-24923,Task,0,0.111611,0.2682,0,CONFSERVER
NEXUS,NEXUS-24922,Bug,0,0.006535,0.2682,0,CONFSERVER
NEXUS,NEXUS-24918,Bug,0,0.005635,0.2682,0,CONFSERVER
NEXUS,NEXUS-24917,Bug,0,0.007978,0.2682,0,CONFSERVER
NEXUS,NEXUS-24916,Bug,0,0.005327,0.2682,0,CONFSERVER
NEXUS,NEXUS-24914,Bug,0,0.006346,0.2682,0,CONFSERVER
NEXUS,NEXUS-24913,Bug,0,0.007033,0.2682,0,CONFSERVER
NEXUS,NEXUS-24912,Improvement,0,0.116625,0.2682,0,CONFSERVER
NEXUS,NEXUS-24911,Bug,0,0.004646,0.2682,0,CONFSERVER
NEXUS,NEXUS-24910,Bug,0,0.005897,0.2682,0,CONFSERVER
NEXUS,NEXUS-24904,Improvement,0,0.037607,0.2682,0,CONFSERVER
NEXUS,NEXUS-24869,Bug,0,0.003451,0.2682,0,CONFSERVER
NEXUS,NEXUS-24868,Bug,0,0.007888,0.2682,0,CONFSERVER
NEXUS,NEXUS-24867,Bug,0,0.0094,0.2682,0,CONFSERVER
NEXUS,NEXUS-24864,Bug,0,0.003309,0.2682,0,CONFSERVER
NEXUS,NEXUS-24863,Bug,0,0.009707,0.2682,0,CONFSERVER
NEXUS,NEXUS-24860,Improvement,1,0.147585,0.2682,0,CONFSERVER
NEXUS,NEXUS-24858,Improvement,0,0.447974,0.2682,1,CONFSERVER
NEXUS,NEXUS-24854,Improvement,1,0.582343,0.2682,1,CONFSERVER
NEXUS,NEXUS-24851,Improvement,0,0.950606,0.2682,1,CONFSERVER
NEXUS,NEXUS-24420,Improvement,1,0.789864,0.2682,1,CONFSERVER
NEXUS,NEXUS-23588,Improvement,1,0.976979,0.2682,1,CONFSERVER
NEXUS,NEXUS-22698,Improvement,1,0.988534,0.2682,1,CONFSERVER
NEXUS,NEXUS-22134,Improvement,1,0.533949,0.2682,1,CONFSERVER
NEXUS,NEXUS-21070,Improvement,1,0.984562,0.2682,1,CONFSERVER
NEXUS,NEXUS-19866,Epic,1,0.992851,0.2682,1,CONFSERVER
NEXUS,NEXUS-19146,Story,1,0.975699,0.2682,1,CONFSERVER
NEXUS,NEXUS-19143,Story,1,0.973927,0.2682,1,CONFSERVER
NEXUS,NEXUS-18641,Improvement,1,0.977656,0.2682,1,CONFSERVER
NEXUS,NEXUS-18546,Improvement,1,0.826713,0.2682,1,CONFSERVER
NEXUS,NEXUS-18490,Improvement,1,0.980381,0.2682,1,CONFSERVER
NEXUS,NEXUS-16958,Improvement,1,0.951655,0.2682,1,CONFSERVER
NEXUS,NEXUS-16734,Story,1,0.970863,0.2682,1,CONFSERVER
NEXUS,NEXUS-16090,Improvement,1,0.929969,0.2682,1,CONFSERVER
NEXUS,NEXUS-15416,Story,1,0.985412,0.2682,1,CONFSERVER
NEXUS,NEXUS-15091,Improvement,1,0.985682,0.2682,1,CONFSERVER
NEXUS,NEXUS-14940,Story,1,0.984551,0.2682,1,CONFSERVER
NEXUS,NEXUS-14730,Improvement,1,0.980097,0.2682,1,CONFSERVER
NEXUS,NEXUS-14639,Improvement,1,0.968837,0.2682,1,CONFSERVER
NEXUS,NEXUS-14233,Story,1,0.96236,0.2682,1,CONFSERVER
NEXUS,NEXUS-14083,Improvement,1,0.979108,0.2682,1,CONFSERVER
NEXUS,NEXUS-12815,Improvement,1,0.667609,0.2682,1,CONFSERVER
NEXUS,NEXUS-12237,Technical task,1,0.978086,0.2682,1,CONFSERVER
NEXUS,NEXUS-12022,Story,1,0.977058,0.2682,1,CONFSERVER
NEXUS,NEXUS-11897,Technical task,1,0.969975,0.2682,1,CONFSERVER
NEXUS,NEXUS-11896,Technical task,1,0.972329,0.2682,1,CONFSERVER
NEXUS,NEXUS-11895,Technical task,1,0.974625,0.2682,1,CONFSERVER
NEXUS,NEXUS-11894,Technical task,1,0.980392,0.2682,1,CONFSERVER
NEXUS,NEXUS-11893,Technical task,1,0.97172,0.2682,1,CONFSERVER
NEXUS,NEXUS-11141,Improvement,1,0.897637,0.2682,1,CONFSERVER
NEXUS,NEXUS-10976,Improvement,1,0.967711,0.2682,1,CONFSERVER
NEXUS,NEXUS-10873,Improvement,1,0.92573,0.2682,1,CONFSERVER
NEXUS,NEXUS-10495,Story,1,0.827396,0.2682,1,CONFSERVER
NEXUS,NEXUS-9878,Improvement,1,0.786111,0.2682,1,CONFSERVER
NEXUS,NEXUS-9522,Improvement,1,0.945508,0.2682,1,CONFSERVER
SERVER,SERVER-51796,Bug,0,0.001062,0.2864,0,CONFSERVER
SERVER,SERVER-51795,Bug,0,0.001184,0.2864,0,CONFSERVER
SERVER,SERVER-51794,Bug,0,0.001083,0.2864,0,CONFSERVER
SERVER,SERVER-51793,Improvement,0,0.502559,0.2864,1,CONFSERVER
SERVER,SERVER-51792,Bug,0,0.000966,0.2864,0,CONFSERVER
SERVER,SERVER-51791,Bug,1,0.00104,0.2864,0,CONFSERVER
SERVER,SERVER-51790,Task,0,0.677258,0.2864,1,CONFSERVER
SERVER,SERVER-51789,Bug,1,0.001066,0.2864,0,CONFSERVER
SERVER,SERVER-51787,Bug,0,0.001236,0.2864,0,CONFSERVER
SERVER,SERVER-51786,New Feature,1,0.998279,0.2864,1,CONFSERVER
SERVER,SERVER-51785,Task,1,0.006756,0.2864,0,CONFSERVER
SERVER,SERVER-51784,Task,1,0.257057,0.2864,0,CONFSERVER
SERVER,SERVER-51783,Task,0,0.00275,0.2864,0,CONFSERVER
SERVER,SERVER-51782,Task,1,0.973503,0.2864,1,CONFSERVER
SERVER,SERVER-51781,Bug,0,0.001121,0.2864,0,CONFSERVER
SERVER,SERVER-51780,Task,1,0.030458,0.2864,0,CONFSERVER
SERVER,SERVER-51778,Task,1,0.499046,0.2864,1,CONFSERVER
SERVER,SERVER-51777,Improvement,1,0.998613,0.2864,1,CONFSERVER
SERVER,SERVER-51776,Improvement,0,0.961996,0.2864,1,CONFSERVER
SERVER,SERVER-51775,Improvement,0,0.997555,0.2864,1,CONFSERVER
SERVER,SERVER-51774,Task,0,0.004852,0.2864,0,CONFSERVER
SERVER,SERVER-51773,Bug,0,0.000998,0.2864,0,CONFSERVER
SERVER,SERVER-51772,Improvement,1,0.996444,0.2864,1,CONFSERVER
SERVER,SERVER-51771,Bug,0,0.001189,0.2864,0,CONFSERVER
SERVER,SERVER-51770,Improvement,1,0.997342,0.2864,1,CONFSERVER
SERVER,SERVER-51769,Bug,0,0.001164,0.2864,0,CONFSERVER
SERVER,SERVER-51768,Task,0,0.937128,0.2864,1,CONFSERVER
SERVER,SERVER-51767,Task,0,0.101401,0.2864,0,CONFSERVER
SERVER,SERVER-51766,Task,0,0.774391,0.2864,1,CONFSERVER
SERVER,SERVER-51765,New Feature,1,0.997706,0.2864,1,CONFSERVER
SERVER,SERVER-51764,Task,0,0.378022,0.2864,1,CONFSERVER
SERVER,SERVER-51763,Bug,0,0.001065,0.2864,0,CONFSERVER
SERVER,SERVER-51762,Improvement,0,0.591719,0.2864,1,CONFSERVER
SERVER,SERVER-51761,Task,1,0.011894,0.2864,0,CONFSERVER
SERVER,SERVER-51759,Task,0,0.275691,0.2864,0,CONFSERVER
SERVER,SERVER-51758,Task,0,0.989876,0.2864,1,CONFSERVER
SERVER,SERVER-51757,Improvement,1,0.898081,0.2864,1,CONFSERVER
SERVER,SERVER-51756,Improvement,1,0.998892,0.2864,1,CONFSERVER
SERVER,SERVER-51755,Improvement,1,0.998392,0.2864,1,CONFSERVER
SERVER,SERVER-51754,Bug,0,0.001121,0.2864,0,CONFSERVER
SERVER,SERVER-51753,Task,0,0.027156,0.2864,0,CONFSERVER
SERVER,SERVER-51752,Task,0,0.003649,0.2864,0,CONFSERVER
SERVER,SERVER-51751,Bug,0,0.00101,0.2864,0,CONFSERVER
SERVER,SERVER-51750,Bug,0,0.001051,0.2864,0,CONFSERVER
SERVER,SERVER-51749,Bug,0,0.001113,0.2864,0,CONFSERVER
SERVER,SERVER-51748,Bug,0,0.001186,0.2864,0,CONFSERVER
SERVER,SERVER-51747,Bug,0,0.001211,0.2864,0,CONFSERVER
SERVER,SERVER-51746,Bug,0,0.001182,0.2864,0,CONFSERVER
SERVER,SERVER-51745,Bug,0,0.0011,0.2864,0,CONFSERVER
SERVER,SERVER-51744,Bug,0,0.001169,0.2864,0,CONFSERVER
SERVER,SERVER-51743,Bug,0,0.001524,0.2864,0,CONFSERVER
SERVER,SERVER-51742,Bug,0,0.001148,0.2864,0,CONFSERVER
SERVER,SERVER-51741,Improvement,0,0.577095,0.2864,1,CONFSERVER
SERVER,SERVER-51740,Task,0,0.002406,0.2864,0,CONFSERVER
SERVER,SERVER-51733,Bug,0,0.001109,0.2864,0,CONFSERVER
SERVER,SERVER-51732,Task,0,0.007396,0.2864,0,CONFSERVER
SERVER,SERVER-51731,Bug,0,0.001108,0.2864,0,CONFSERVER
SERVER,SERVER-51730,Task,0,0.011723,0.2864,0,CONFSERVER
SERVER,SERVER-51729,Task,0,0.001274,0.2864,0,CONFSERVER
SERVER,SERVER-51728,Improvement,0,0.997504,0.2864,1,CONFSERVER
SERVER,SERVER-51727,Task,0,0.004563,0.2864,0,CONFSERVER
SERVER,SERVER-51726,Bug,0,0.001254,0.2864,0,CONFSERVER
SERVER,SERVER-51725,Bug,0,0.000958,0.2864,0,CONFSERVER
SERVER,SERVER-51724,Task,0,0.009311,0.2864,0,CONFSERVER
SERVER,SERVER-51723,Task,0,0.009823,0.2864,0,CONFSERVER
SERVER,SERVER-51722,Task,1,0.959218,0.2864,1,CONFSERVER
SERVER,SERVER-51721,Bug,0,0.001074,0.2864,0,CONFSERVER
SERVER,SERVER-51720,Bug,0,0.00107,0.2864,0,CONFSERVER
SERVER,SERVER-51719,Bug,0,0.001075,0.2864,0,CONFSERVER
SERVER,SERVER-51718,Bug,0,0.001007,0.2864,0,CONFSERVER
SERVER,SERVER-51717,Bug,0,0.001124,0.2864,0,CONFSERVER
SERVER,SERVER-51716,Bug,1,0.001075,0.2864,0,CONFSERVER
SERVER,SERVER-51715,Bug,0,0.001008,0.2864,0,CONFSERVER
SERVER,SERVER-51714,Bug,0,0.0012,0.2864,0,CONFSERVER
SERVER,SERVER-51713,Improvement,0,0.91393,0.2864,1,CONFSERVER
SERVER,SERVER-51712,Improvement,0,0.998909,0.2864,1,CONFSERVER
SERVER,SERVER-51710,Improvement,0,0.998655,0.2864,1,CONFSERVER
SERVER,SERVER-51709,Improvement,1,0.999119,0.2864,1,CONFSERVER
SERVER,SERVER-51708,Bug,0,0.001001,0.2864,0,CONFSERVER
SERVER,SERVER-51707,Task,0,0.913494,0.2864,1,CONFSERVER
SERVER,SERVER-51706,Improvement,1,0.998305,0.2864,1,CONFSERVER
SERVER,SERVER-51705,Bug,0,0.001069,0.2864,0,CONFSERVER
SERVER,SERVER-51704,Bug,0,0.001282,0.2864,0,CONFSERVER
SERVER,SERVER-51703,Bug,0,0.001005,0.2864,0,CONFSERVER
SERVER,SERVER-51702,Improvement,0,0.98885,0.2864,1,CONFSERVER
SERVER,SERVER-51701,Improvement,1,0.998685,0.2864,1,CONFSERVER
SERVER,SERVER-51700,Improvement,0,0.996983,0.2864,1,CONFSERVER
SERVER,SERVER-51699,Bug,0,0.000947,0.2864,0,CONFSERVER
SERVER,SERVER-51698,Improvement,1,0.998367,0.2864,1,CONFSERVER
SERVER,SERVER-51697,Bug,0,0.001032,0.2864,0,CONFSERVER
SERVER,SERVER-51696,Task,0,0.00886,0.2864,0,CONFSERVER
SERVER,SERVER-51695,Improvement,0,0.990123,0.2864,1,CONFSERVER
SERVER,SERVER-51694,Task,0,0.97496,0.2864,1,CONFSERVER
SERVER,SERVER-51693,Improvement,0,0.917316,0.2864,1,CONFSERVER
SERVER,SERVER-51692,Improvement,0,0.015669,0.2864,0,CONFSERVER
SERVER,SERVER-51691,Improvement,0,0.880671,0.2864,1,CONFSERVER
SERVER,SERVER-51690,New Feature,1,0.998768,0.2864,1,CONFSERVER
SERVER,SERVER-51689,Bug,0,0.000981,0.2864,0,CONFSERVER
SERVER,SERVER-51688,Bug,0,0.001076,0.2864,0,CONFSERVER
SERVER,SERVER-51687,Bug,0,0.001193,0.2864,0,CONFSERVER
SERVER,SERVER-51685,Task,0,0.070674,0.2864,0,CONFSERVER
SERVER,SERVER-51684,Bug,0,0.001087,0.2864,0,CONFSERVER
SERVER,SERVER-51683,Bug,0,0.000994,0.2864,0,CONFSERVER
SERVER,SERVER-51682,Task,0,0.273664,0.2864,0,CONFSERVER
SERVER,SERVER-51681,Improvement,0,0.997767,0.2864,1,CONFSERVER
SERVER,SERVER-51680,Task,0,0.819035,0.2864,1,CONFSERVER
SERVER,SERVER-51679,Bug,0,0.00114,0.2864,0,CONFSERVER
SERVER,SERVER-51678,Task,1,0.054394,0.2864,0,CONFSERVER
SERVER,SERVER-51677,Task,0,0.078091,0.2864,0,CONFSERVER
SERVER,SERVER-51676,Improvement,0,0.940419,0.2864,1,CONFSERVER
SERVER,SERVER-51675,New Feature,1,0.998971,0.2864,1,CONFSERVER
SERVER,SERVER-51674,Task,0,0.151594,0.2864,0,CONFSERVER
SERVER,SERVER-51673,Task,0,0.013411,0.2864,0,CONFSERVER
SERVER,SERVER-51672,Improvement,0,0.038808,0.2864,0,CONFSERVER
SERVER,SERVER-51671,Task,1,0.92901,0.2864,1,CONFSERVER
SERVER,SERVER-51670,Task,1,0.017067,0.2864,0,CONFSERVER
SERVER,SERVER-51669,Improvement,0,0.006402,0.2864,0,CONFSERVER
SERVER,SERVER-51668,Task,0,0.976042,0.2864,1,CONFSERVER
SERVER,SERVER-51667,Task,0,0.010034,0.2864,0,CONFSERVER
SERVER,SERVER-51666,Task,0,0.203622,0.2864,0,CONFSERVER
SERVER,SERVER-51664,Task,0,0.020828,0.2864,0,CONFSERVER
SERVER,SERVER-51663,Task,0,0.012871,0.2864,0,CONFSERVER
SERVER,SERVER-51662,New Feature,0,0.998513,0.2864,1,CONFSERVER
SERVER,SERVER-51661,Task,0,0.002496,0.2864,0,CONFSERVER
SERVER,SERVER-51660,Task,0,0.023884,0.2864,0,CONFSERVER
SERVER,SERVER-51659,Bug,0,0.001058,0.2864,0,CONFSERVER
SERVER,SERVER-51658,Task,0,0.996544,0.2864,1,CONFSERVER
SERVER,SERVER-51657,Task,0,0.021897,0.2864,0,CONFSERVER
SERVER,SERVER-51656,Bug,0,0.001307,0.2864,0,CONFSERVER
SERVER,SERVER-51655,Task,0,0.015487,0.2864,0,CONFSERVER
SERVER,SERVER-51654,New Feature,0,0.998487,0.2864,1,CONFSERVER
SERVER,SERVER-51653,New Feature,0,0.998569,0.2864,1,CONFSERVER
SERVER,SERVER-51652,Task,0,0.962374,0.2864,1,CONFSERVER
SERVER,SERVER-51651,Bug,0,0.00103,0.2864,0,CONFSERVER
SERVER,SERVER-51650,Task,0,0.935258,0.2864,1,CONFSERVER
SERVER,SERVER-51648,Task,0,0.813077,0.2864,1,CONFSERVER
SERVER,SERVER-51647,Task,0,0.12292,0.2864,0,CONFSERVER
SERVER,SERVER-51646,Task,0,0.09853,0.2864,0,CONFSERVER
SERVER,SERVER-51645,Task,0,0.76219,0.2864,1,CONFSERVER
SERVER,SERVER-51644,Task,0,0.354111,0.2864,1,CONFSERVER
SERVER,SERVER-51643,Task,0,0.562799,0.2864,1,CONFSERVER
SERVER,SERVER-51642,Task,0,0.415571,0.2864,1,CONFSERVER
SERVER,SERVER-51641,Task,0,0.12555,0.2864,0,CONFSERVER
SERVER,SERVER-51640,Task,0,0.556582,0.2864,1,CONFSERVER
SERVER,SERVER-51639,Task,0,0.377488,0.2864,1,CONFSERVER
SERVER,SERVER-51638,Task,0,0.124453,0.2864,0,CONFSERVER
SERVER,SERVER-51637,Task,0,0.666676,0.2864,1,CONFSERVER
SERVER,SERVER-51636,Task,0,0.814653,0.2864,1,CONFSERVER
SERVER,SERVER-51635,Task,0,0.789923,0.2864,1,CONFSERVER
SERVER,SERVER-51634,Task,0,0.597357,0.2864,1,CONFSERVER
SERVER,SERVER-51633,Task,0,0.541126,0.2864,1,CONFSERVER
SERVER,SERVER-51632,Task,0,0.795322,0.2864,1,CONFSERVER
SERVER,SERVER-51631,Task,0,0.773631,0.2864,1,CONFSERVER
SERVER,SERVER-51630,Task,0,0.804218,0.2864,1,CONFSERVER
SERVER,SERVER-51605,Task,1,0.312432,0.2864,1,CONFSERVER
SERVER,SERVER-51511,Bug,0,0.001077,0.2864,0,CONFSERVER
SERVER,SERVER-51493,Task,1,0.783395,0.2864,1,CONFSERVER
SERVER,SERVER-51492,Bug,0,0.001308,0.2864,0,CONFSERVER
SERVER,SERVER-51452,Task,0,0.009796,0.2864,0,CONFSERVER
SERVER,SERVER-51440,Improvement,1,0.997603,0.2864,1,CONFSERVER
SERVER,SERVER-51413,Task,1,0.014833,0.2864,0,CONFSERVER
SERVER,SERVER-51403,Task,1,0.995087,0.2864,1,CONFSERVER
TIMOB,TIMOB-28207,Bug,0,0.004633,0.6591,0,CONFSERVER
TIMOB,TIMOB-28206,Bug,0,0.012739,0.6591,0,CONFSERVER
TIMOB,TIMOB-28205,Bug,0,0.013975,0.6591,0,CONFSERVER
TIMOB,TIMOB-28204,Bug,0,0.006448,0.6591,0,CONFSERVER
TIMOB,TIMOB-28203,Improvement,0,0.948365,0.6591,1,CONFSERVER
TIMOB,TIMOB-28202,Bug,0,0.019249,0.6591,0,CONFSERVER
TIMOB,TIMOB-28200,Bug,0,0.014552,0.6591,0,CONFSERVER
TIMOB,TIMOB-28199,Improvement,0,0.190663,0.6591,0,CONFSERVER
TIMOB,TIMOB-28198,Improvement,0,0.060684,0.6591,0,CONFSERVER
TIMOB,TIMOB-28197,Bug,0,0.00466,0.6591,0,CONFSERVER
TIMOB,TIMOB-28195,Improvement,0,0.802664,0.6591,1,CONFSERVER
TIMOB,TIMOB-28194,Bug,0,0.012512,0.6591,0,CONFSERVER
TIMOB,TIMOB-28193,Bug,0,0.005569,0.6591,0,CONFSERVER
TIMOB,TIMOB-28187,Improvement,0,0.959378,0.6591,1,CONFSERVER
TIMOB,TIMOB-28186,Bug,0,0.010968,0.6591,0,CONFSERVER
TIMOB,TIMOB-28185,Bug,0,0.017564,0.6591,0,CONFSERVER
TIMOB,TIMOB-28183,Improvement,0,0.705446,0.6591,1,CONFSERVER
TIMOB,TIMOB-28182,Improvement,0,0.056006,0.6591,0,CONFSERVER
TIMOB,TIMOB-28181,Bug,0,0.008343,0.6591,0,CONFSERVER
TIMOB,TIMOB-28177,Bug,0,0.009117,0.6591,0,CONFSERVER
TIMOB,TIMOB-28176,Bug,0,0.009715,0.6591,0,CONFSERVER
TIMOB,TIMOB-28178,Bug,0,0.010086,0.6591,0,CONFSERVER
TIMOB,TIMOB-28175,Bug,0,0.046245,0.6591,0,CONFSERVER
TIMOB,TIMOB-28173,Improvement,0,0.328114,0.6591,0,CONFSERVER
TIMOB,TIMOB-28167,Bug,0,0.00522,0.6591,0,CONFSERVER
TIMOB,TIMOB-28166,Bug,0,0.003924,0.6591,0,CONFSERVER
TIMOB,TIMOB-28165,Bug,0,0.005014,0.6591,0,CONFSERVER
TIMOB,TIMOB-28164,Bug,0,0.003913,0.6591,0,CONFSERVER
TIMOB,TIMOB-28163,Bug,0,0.005627,0.6591,0,CONFSERVER
TIMOB,TIMOB-28162,Bug,0,0.004693,0.6591,0,CONFSERVER
TIMOB,TIMOB-28161,Bug,0,0.019504,0.6591,0,CONFSERVER
TIMOB,TIMOB-28160,Bug,0,0.008657,0.6591,0,CONFSERVER
TIMOB,TIMOB-28159,Bug,0,0.018236,0.6591,0,CONFSERVER
TIMOB,TIMOB-28158,Bug,0,0.019541,0.6591,0,CONFSERVER
TIMOB,TIMOB-28174,Bug,0,0.012356,0.6591,0,CONFSERVER
TIMOB,TIMOB-28156,Bug,0,0.020089,0.6591,0,CONFSERVER
TIMOB,TIMOB-28155,Bug,0,0.014772,0.6591,0,CONFSERVER
TIMOB,TIMOB-28154,Bug,0,0.016791,0.6591,0,CONFSERVER
TIMOB,TIMOB-28153,Bug,0,0.046272,0.6591,0,CONFSERVER
TIMOB,TIMOB-28152,Bug,0,0.014097,0.6591,0,CONFSERVER
TIMOB,TIMOB-28151,Bug,0,0.046679,0.6591,0,CONFSERVER
TIMOB,TIMOB-28150,Bug,0,0.007534,0.6591,0,CONFSERVER
TIMOB,TIMOB-28149,Bug,0,0.024333,0.6591,0,CONFSERVER
TIMOB,TIMOB-28148,Bug,0,0.010542,0.6591,0,CONFSERVER
TIMOB,TIMOB-28146,Improvement,0,0.063405,0.6591,0,CONFSERVER
TIMOB,TIMOB-28145,Improvement,0,0.203083,0.6591,0,CONFSERVER
TIMOB,TIMOB-28144,Bug,0,0.012659,0.6591,0,CONFSERVER
TIMOB,TIMOB-28143,Bug,0,0.022304,0.6591,0,CONFSERVER
TIMOB,TIMOB-28142,Bug,0,0.016436,0.6591,0,CONFSERVER
TIMOB,TIMOB-28141,New Feature,1,0.95718,0.6591,1,CONFSERVER
TIMOB,TIMOB-28140,Improvement,0,0.79158,0.6591,1,CONFSERVER
TIMOB,TIMOB-28139,Bug,0,0.00596,0.6591,0,CONFSERVER
TIMOB,TIMOB-28138,Bug,0,0.023612,0.6591,0,CONFSERVER
TIMOB,TIMOB-28137,Bug,0,0.015743,0.6591,0,CONFSERVER
TIMOB,TIMOB-28132,Bug,0,0.006523,0.6591,0,CONFSERVER
TIMOB,TIMOB-28131,Bug,0,0.006253,0.6591,0,CONFSERVER
TIMOB,TIMOB-28130,Bug,0,0.007902,0.6591,0,CONFSERVER
TIMOB,TIMOB-28129,Bug,0,0.037129,0.6591,0,CONFSERVER
TIMOB,TIMOB-28128,Bug,0,0.022039,0.6591,0,CONFSERVER
TIMOB,TIMOB-28127,Bug,0,0.018561,0.6591,0,CONFSERVER
TIMOB,TIMOB-28125,Improvement,0,0.71665,0.6591,1,CONFSERVER
TIMOB,TIMOB-28124,Story,0,0.895197,0.6591,1,CONFSERVER
TIMOB,TIMOB-28123,New Feature,1,0.971707,0.6591,1,CONFSERVER
TIMOB,TIMOB-28122,Bug,0,0.010329,0.6591,0,CONFSERVER
TIMOB,TIMOB-28121,Improvement,0,0.847041,0.6591,1,CONFSERVER
TIMOB,TIMOB-28120,Improvement,0,0.872364,0.6591,1,CONFSERVER
TIMOB,TIMOB-28119,Improvement,0,0.721997,0.6591,1,CONFSERVER
TIMOB,TIMOB-28118,Improvement,0,0.788259,0.6591,1,CONFSERVER
TIMOB,TIMOB-28117,Improvement,0,0.172545,0.6591,0,CONFSERVER
TIMOB,TIMOB-28126,Bug,0,0.008439,0.6591,0,CONFSERVER
TIMOB,TIMOB-28116,Bug,0,0.010292,0.6591,0,CONFSERVER
TIMOB,TIMOB-28115,Bug,0,0.00589,0.6591,0,CONFSERVER
TIMOB,TIMOB-28114,Epic,1,0.983224,0.6591,1,CONFSERVER
TIMOB,TIMOB-28113,Bug,0,0.021724,0.6591,0,CONFSERVER
TIMOB,TIMOB-28112,Bug,0,0.020231,0.6591,0,CONFSERVER
TIMOB,TIMOB-28136,Bug,0,0.004335,0.6591,0,CONFSERVER
TIMOB,TIMOB-28111,Bug,0,0.006887,0.6591,0,CONFSERVER
TIMOB,TIMOB-28110,Bug,0,0.007713,0.6591,0,CONFSERVER
TIMOB,TIMOB-28109,Bug,0,0.008461,0.6591,0,CONFSERVER
TIMOB,TIMOB-28108,Bug,0,0.006775,0.6591,0,CONFSERVER
TIMOB,TIMOB-28105,Bug,0,0.007422,0.6591,0,CONFSERVER
TIMOB,TIMOB-28104,New Feature,0,0.678527,0.6591,1,CONFSERVER
TIMOB,TIMOB-28103,Bug,0,0.007612,0.6591,0,CONFSERVER
TIMOB,TIMOB-28102,Improvement,0,0.949046,0.6591,1,CONFSERVER
TIMOB,TIMOB-28099,Bug,0,0.01429,0.6591,0,CONFSERVER
TIMOB,TIMOB-28098,New Feature,0,0.109945,0.6591,0,CONFSERVER
TIMOB,TIMOB-28101,Bug,0,0.007905,0.6591,0,CONFSERVER
TIMOB,TIMOB-28100,Bug,0,0.017927,0.6591,0,CONFSERVER
TIMOB,TIMOB-28096,Bug,0,0.00852,0.6591,0,CONFSERVER
TIMOB,TIMOB-28095,Bug,0,0.007483,0.6591,0,CONFSERVER
TIMOB,TIMOB-28094,Bug,0,0.008783,0.6591,0,CONFSERVER
TIMOB,TIMOB-28093,Improvement,0,0.226486,0.6591,0,CONFSERVER
TIMOB,TIMOB-28092,Bug,0,0.037631,0.6591,0,CONFSERVER
TIMOB,TIMOB-28091,Bug,0,0.008595,0.6591,0,CONFSERVER
TIMOB,TIMOB-28089,Improvement,0,0.882865,0.6591,1,CONFSERVER
TIMOB,TIMOB-28088,Improvement,0,0.842193,0.6591,1,CONFSERVER
TIMOB,TIMOB-28087,New Feature,0,0.548207,0.6591,0,CONFSERVER
TIMOB,TIMOB-28086,Improvement,1,0.344153,0.6591,0,CONFSERVER
TIMOB,TIMOB-28085,Bug,0,0.007548,0.6591,0,CONFSERVER
TIMOB,TIMOB-28084,Bug,0,0.007487,0.6591,0,CONFSERVER
TIMOB,TIMOB-28083,Improvement,1,0.543083,0.6591,0,CONFSERVER
TIMOB,TIMOB-28082,Improvement,1,0.684137,0.6591,1,CONFSERVER
TIMOB,TIMOB-28081,Bug,0,0.020901,0.6591,0,CONFSERVER
TIMOB,TIMOB-28079,Bug,0,0.027903,0.6591,0,CONFSERVER
TIMOB,TIMOB-28078,New Feature,0,0.9602,0.6591,1,CONFSERVER
TIMOB,TIMOB-28077,Improvement,0,0.601069,0.6591,0,CONFSERVER
TIMOB,TIMOB-28073,Bug,0,0.009529,0.6591,0,CONFSERVER
TIMOB,TIMOB-28072,Improvement,0,0.880969,0.6591,1,CONFSERVER
TIMOB,TIMOB-28071,Improvement,0,0.868782,0.6591,1,CONFSERVER
TIMOB,TIMOB-28070,Improvement,0,0.880932,0.6591,1,CONFSERVER
TIMOB,TIMOB-28067,Bug,0,0.008919,0.6591,0,CONFSERVER
TIMOB,TIMOB-28147,New Feature,1,0.961087,0.6591,1,CONFSERVER
TIMOB,TIMOB-28064,Bug,0,0.006117,0.6591,0,CONFSERVER
TIMOB,TIMOB-28062,Bug,0,0.037876,0.6591,0,CONFSERVER
TIMOB,TIMOB-28061,New Feature,0,0.414953,0.6591,0,CONFSERVER
TIMOB,TIMOB-28060,Bug,0,0.020544,0.6591,0,CONFSERVER
TIMOB,TIMOB-28059,Improvement,0,0.950668,0.6591,1,CONFSERVER
TIMOB,TIMOB-28058,Improvement,0,0.943464,0.6591,1,CONFSERVER
TIMOB,TIMOB-28057,Improvement,0,0.79968,0.6591,1,CONFSERVER
TIMOB,TIMOB-28056,Bug,0,0.007012,0.6591,0,CONFSERVER
TIMOB,TIMOB-28054,Bug,0,0.007671,0.6591,0,CONFSERVER
TIMOB,TIMOB-28053,Bug,0,0.006674,0.6591,0,CONFSERVER
TIMOB,TIMOB-28051,New Feature,0,0.695475,0.6591,1,CONFSERVER
TIMOB,TIMOB-28050,Story,0,0.695284,0.6591,1,CONFSERVER
TIMOB,TIMOB-28047,Improvement,0,0.54214,0.6591,0,CONFSERVER
TIMOB,TIMOB-28046,Improvement,0,0.930699,0.6591,1,CONFSERVER
TIMOB,TIMOB-28045,Epic,1,0.884799,0.6591,1,CONFSERVER
TIMOB,TIMOB-28042,Bug,0,0.038352,0.6591,0,CONFSERVER
TIMOB,TIMOB-28041,Story,0,0.858554,0.6591,1,CONFSERVER
TIMOB,TIMOB-28040,Improvement,1,0.902692,0.6591,1,CONFSERVER
TIMOB,TIMOB-28039,Improvement,1,0.878843,0.6591,1,CONFSERVER
TIMOB,TIMOB-28037,Bug,0,0.008574,0.6591,0,CONFSERVER
TIMOB,TIMOB-28035,Bug,0,0.005407,0.6591,0,CONFSERVER
TIMOB,TIMOB-28034,Bug,0,0.009625,0.6591,0,CONFSERVER
TIMOB,TIMOB-28031,Bug,0,0.027759,0.6591,0,CONFSERVER
TIMOB,TIMOB-28030,Story,0,0.782134,0.6591,1,CONFSERVER
TIMOB,TIMOB-28029,Improvement,0,0.775484,0.6591,1,CONFSERVER
TIMOB,TIMOB-28027,Bug,0,0.010124,0.6591,0,CONFSERVER
TIMOB,TIMOB-28025,Story,0,0.062091,0.6591,0,CONFSERVER
TIMOB,TIMOB-28020,Bug,0,0.006553,0.6591,0,CONFSERVER
TIMOB,TIMOB-28017,Improvement,0,0.805429,0.6591,1,CONFSERVER
TIMOB,TIMOB-28016,Bug,0,0.011731,0.6591,0,CONFSERVER
TIMOB,TIMOB-28015,New Feature,0,0.96778,0.6591,1,CONFSERVER
TIMOB,TIMOB-28018,Bug,0,0.007406,0.6591,0,CONFSERVER
TIMOB,TIMOB-28012,New Feature,0,0.949643,0.6591,1,CONFSERVER
TIMOB,TIMOB-28005,Bug,0,0.009603,0.6591,0,CONFSERVER
TIMOB,TIMOB-27743,Improvement,1,0.954701,0.6591,1,CONFSERVER
TIMOB,TIMOB-27327,Improvement,1,0.848526,0.6591,1,CONFSERVER
TIMOB,TIMOB-27289,New Feature,1,0.982566,0.6591,1,CONFSERVER
TIMOB,TIMOB-27285,New Feature,1,0.985223,0.6591,1,CONFSERVER
TIMOB,TIMOB-26744,New Feature,1,0.96998,0.6591,1,CONFSERVER
TIMOB,TIMOB-26201,Story,1,0.963339,0.6591,1,CONFSERVER
TIMOB,TIMOB-26093,New Feature,1,0.985868,0.6591,1,CONFSERVER
TIMOB,TIMOB-25927,Story,1,0.967268,0.6591,1,CONFSERVER
TIMOB,TIMOB-25623,New Feature,1,0.964673,0.6591,1,CONFSERVER
TIMOB,TIMOB-25562,Improvement,1,0.978358,0.6591,1,CONFSERVER
TIMOB,TIMOB-25551,New Feature,1,0.964192,0.6591,1,CONFSERVER
TIMOB,TIMOB-25544,New Feature,1,0.86169,0.6591,1,CONFSERVER
TIMOB,TIMOB-25534,New Feature,1,0.829409,0.6591,1,CONFSERVER
TIMOB,TIMOB-25502,New Feature,1,0.863605,0.6591,1,CONFSERVER
TIMOB,TIMOB-25404,New Feature,1,0.94013,0.6591,1,CONFSERVER
TIMOB,TIMOB-25302,New Feature,1,0.971584,0.6591,1,CONFSERVER
TIMOB,TIMOB-25267,Epic,1,0.908988,0.6591,1,CONFSERVER
TIMOB,TIMOB-25058,Epic,1,0.978393,0.6591,1,CONFSERVER
TIMOB,TIMOB-25041,New Feature,1,0.900399,0.6591,1,CONFSERVER
TIMOB,TIMOB-24948,New Feature,1,0.97285,0.6591,1,CONFSERVER
TIMOB,TIMOB-24845,New Feature,1,0.94641,0.6591,1,CONFSERVER
TIMOB,TIMOB-24808,New Feature,1,0.808316,0.6591,1,CONFSERVER
TIMOB,TIMOB-24871,New Feature,1,0.923915,0.6591,1,CONFSERVER
TIMOB,TIMOB-24782,New Feature,1,0.953866,0.6591,1,CONFSERVER
TIMOB,TIMOB-24781,New Feature,1,0.950948,0.6591,1,CONFSERVER
TIMOB,TIMOB-24780,New Feature,1,0.961415,0.6591,1,CONFSERVER
TIMOB,TIMOB-24774,New Feature,1,0.858534,0.6591,1,CONFSERVER
TIMOB,TIMOB-24772,Epic,1,0.869462,0.6591,1,CONFSERVER
TIMOB,TIMOB-24766,New Feature,1,0.901755,0.6591,1,CONFSERVER
TIMOB,TIMOB-24723,New Feature,1,0.979183,0.6591,1,CONFSERVER
TIMOB,TIMOB-24725,New Feature,1,0.778342,0.6591,1,CONFSERVER
TIMOB,TIMOB-24644,Story,1,0.961687,0.6591,1,CONFSERVER
TIMOB,TIMOB-24578,New Feature,1,0.915584,0.6591,1,CONFSERVER
TIMOB,TIMOB-24552,New Feature,1,0.872743,0.6591,1,CONFSERVER
TIMOB,TIMOB-24549,Epic,1,0.986873,0.6591,1,CONFSERVER
