issue_key,project,era,audit_rank,issue_type,creation_date,resolution_date,stratum_size,sampling_weight,prob_design_ensemble,pred_design
CONFSERVER-746,CONFSERVER,early,1,Bug,2004-02-16 16:19:05,2004-02-20 11:08:01,12084,1208.4,0.0036631999999999,0
CONFSERVER-16525,CONFSERVER,early,2,Bug,2009-08-03 07:11:33,2010-10-06 07:21:17,12084,1208.4,0.0030873999999999,0
CONFSERVER-20507,CONFSERVER,early,3,Bug,2010-08-02 03:41:05,2010-11-29 07:51:07,12084,1208.4,0.0094064,0
CONFSERVER-5549,CONFSERVER,early,4,Suggestion,2006-02-22 11:31:44,2006-03-07 06:10:09,12084,1208.4,0.956248,1
CONFSERVER-16073,CONFSERVER,early,5,Bug,2009-06-10 04:08:58,2009-06-19 03:52:45,12084,1208.4,0.0060976,0
CONFSERVER-4205,CONFSERVER,early,6,Suggestion,2005-10-04 02:50:47,2005-10-07 06:50:07,12084,1208.4,0.18005,0
CONFSERVER-11542,CONFSERVER,early,7,Suggestion,2008-04-23 06:17:47,2008-05-02 01:49:33,12084,1208.4,0.0433828,0
CONFSERVER-10838,CONFSERVER,early,8,Bug,2008-02-27 04:29:15,2008-05-14 08:08:49,12084,1208.4,0.0024858,0
CONFSERVER-7285,CONFSERVER,early,9,Bug,2006-11-08 04:29:05,2006-11-23 00:46:03,12084,1208.4,0.0051064,0
CONFSERVER-13129,CONFSERVER,early,10,Bug,2008-09-22 21:36:58,2008-09-23 01:41:33,12084,1208.4,0.0063436,0
CONFSERVER-12726,CONFSERVER,middle,1,Suggestion,2008-08-09 18:50:07,2013-02-21 23:21:35,12083,1208.3,0.6334998,1
CONFSERVER-26529,CONFSERVER,middle,2,Suggestion,2012-09-06 07:29:08,2012-09-25 07:36:05,12083,1208.3,0.051985,0
CONFSERVER-47954,CONFSERVER,middle,3,Bug,2014-08-13 09:59:34,2014-09-10 01:19:34,12083,1208.3,0.0055352,0
CONFSERVER-26265,CONFSERVER,middle,4,Suggestion,2012-08-08 19:13:53,2014-06-16 07:04:38,12083,1208.3,0.155647,0
CONFSERVER-28817,CONFSERVER,middle,5,Bug,2013-04-05 15:57:25,2013-04-08 05:33:03,12083,1208.3,0.0028838,0
CONFSERVER-15843,CONFSERVER,middle,6,Bug,2009-05-23 03:58:05,2014-05-22 01:02:26,12083,1208.3,0.0070417999999999,0
CONFSERVER-32765,CONFSERVER,middle,7,Bug,2014-02-27 14:17:30,2014-02-27 23:06:20,12083,1208.3,0.0024882,0
CONFSERVER-30916,CONFSERVER,middle,8,Suggestion,2013-09-24 13:50:23,2013-09-27 10:24:57,12083,1208.3,0.0312035999999999,0
CONFSERVER-25181,CONFSERVER,middle,9,Suggestion,2012-04-12 00:41:41,2014-06-16 07:05:05,12083,1208.3,0.0207042,0
CONFSERVER-14226,CONFSERVER,middle,10,Suggestion,2009-01-19 19:33:44,2013-02-23 12:25:39,12083,1208.3,0.267219,0
CONFSERVER-15780,CONFSERVER,late,1,Bug,2009-05-20 19:28:21,2016-05-26 07:52:21,12083,1208.3,0.0071742,0
CONFSERVER-49192,CONFSERVER,late,2,Suggestion,2016-10-26 21:49:06,2017-12-21 05:02:31,12083,1208.3,0.1013677999999999,0
CONFSERVER-39706,CONFSERVER,late,3,Bug,2015-10-27 20:55:37,2016-05-26 07:53:46,12083,1208.3,0.0067262,0
CONFSERVER-47185,CONFSERVER,late,4,Bug,2016-10-06 19:45:18,2017-05-10 01:12:50,12083,1208.3,0.0059406,0
CONFSERVER-30123,CONFSERVER,late,5,Bug,2013-07-26 09:30:37,2017-02-27 03:19:18,12083,1208.3,0.0024952,0
CONFSERVER-45557,CONFSERVER,late,6,Bug,2016-10-28 03:52:46,2016-12-14 04:17:59,12083,1208.3,0.0052904,0
CONFSERVER-42673,CONFSERVER,late,7,Bug,2016-05-24 09:04:54,2016-06-15 08:05:23,12083,1208.3,0.0048736,0
CONFSERVER-23425,CONFSERVER,late,8,Bug,2011-10-06 14:44:10,2016-05-26 07:51:29,12083,1208.3,0.0059262,0
CONFSERVER-40559,CONFSERVER,late,9,Suggestion,2016-01-21 23:16:36,2017-02-21 10:31:26,12083,1208.3,0.186551,0
CONFSERVER-49524,CONFSERVER,late,10,Bug,2013-04-12 16:33:56,2015-10-23 05:12:22,12083,1208.3,0.0047228,0
DM-6476,DM,early,1,Story,2016-06-06 20:15:47,2016-11-10 16:11:35,7498,749.8,0.2355508,0
DM-9021,DM,early,2,Story,2017-01-17 15:31:04,2017-02-20 02:03:32,7498,749.8,0.8872142000000001,1
DM-3027,DM,early,3,Story,2015-07-01 00:46:41,2015-07-01 00:46:50,7498,749.8,0.6647148,1
DM-9251,DM,early,4,Story,2017-02-02 15:25:58,2017-02-02 19:42:21,7498,749.8,0.1224246,0
DM-9045,DM,early,5,Story,2017-01-19 09:07:45,2017-02-24 13:11:59,7498,749.8,0.84067,1
DM-2009,DM,early,6,Improvement,2015-02-12 18:12:43,2017-05-08 10:23:12,7498,749.8,0.567932,1
DM-5551,DM,early,7,Story,2016-03-17 15:06:52,2016-05-24 01:21:41,7498,749.8,0.6598012000000001,1
DM-9758,DM,early,8,Story,2017-03-10 13:17:17,2017-03-13 12:11:35,7498,749.8,0.1417096,0
DM-6050,DM,early,9,Story,2016-05-09 16:11:21,2016-05-10 16:23:09,7498,749.8,0.5343022,1
DM-9318,DM,early,10,Story,2017-02-07 13:40:11,2017-02-24 10:15:12,7498,749.8,0.863351,1
DM-10463,DM,middle,1,Story,2017-05-04 17:36:15,2017-06-15 15:27:15,7497,749.7,0.2767701999999999,0
DM-16224,DM,middle,2,Improvement,2018-10-16 20:00:12,2018-10-17 19:35:34,7497,749.7,0.8893734,1
DM-7996,DM,middle,3,Improvement,2016-10-14 12:31:34,2017-08-28 14:24:46,7497,749.7,0.8642196,1
DM-12162,DM,middle,4,Story,2017-10-06 15:14:14,2017-10-06 15:16:41,7497,749.7,0.2822943999999999,0
DM-12438,DM,middle,5,Story,2017-10-26 16:32:27,2017-10-26 16:45:49,7497,749.7,0.2054962,0
DM-12100,DM,middle,6,Story,2017-10-04 10:37:04,2017-10-05 14:42:11,7497,749.7,0.027136,0
DM-10194,DM,middle,7,Improvement,2017-04-11 18:13:31,2019-01-31 15:40:39,7497,749.7,0.8535972,1
DM-16280,DM,middle,8,Story,2018-10-22 16:26:57,2018-12-18 17:48:59,7497,749.7,0.0709338,0
DM-15571,DM,middle,9,Story,2018-08-28 20:09:04,2018-09-10 16:40:36,7497,749.7,0.4507328,0
DM-18179,DM,middle,10,Technical task,2019-03-04 09:26:20,2019-03-19 10:55:42,7497,749.7,0.1773866,0
DM-22239,DM,late,1,Story,2019-11-15 23:35:54,2019-11-18 18:58:16,7498,749.8,0.1601446,0
DM-18736,DM,late,2,Story,2019-03-29 14:45:13,2019-06-12 21:21:35,7498,749.8,0.381221,0
DM-25476,DM,late,3,Story,2020-06-19 00:17:48,2020-06-23 18:49:24,7498,749.8,0.1592188,0
DM-24935,DM,late,4,Story,2020-05-14 18:05:12,2020-05-15 23:46:06,7498,749.8,0.6668224,1
DM-20302,DM,late,5,Story,2019-06-25 16:02:05,2019-06-28 15:45:01,7498,749.8,0.1585586,0
DM-23317,DM,late,6,Story,2020-02-04 17:25:01,2020-02-04 17:25:14,7498,749.8,0.140342,0
DM-20758,DM,late,7,Story,2019-07-24 00:22:59,2019-07-29 14:23:02,7498,749.8,0.0848112,0
DM-19158,DM,late,8,Story,2019-04-09 05:19:37,2019-07-01 22:47:57,7498,749.8,0.0750434,0
DM-20900,DM,late,9,Story,2019-08-02 19:45:41,2019-08-20 19:04:39,7498,749.8,0.4908502,0
DM-26079,DM,late,10,Story,2020-07-23 18:21:16,2020-10-02 23:16:57,7498,749.8,0.5859566,1
DNN-4831,DNN,early,1,Bug,2014-02-12 04:35:10,2014-02-13 02:47:31,2494,249.4,0.0303084,0
DNN-3207,DNN,early,2,Bug,2013-07-30 13:36:05,2013-08-18 20:45:51,2494,249.4,0.0186416,0
DNN-3212,DNN,early,3,Story,2013-07-30 14:55:37,2013-08-12 23:25:29,2494,249.4,0.0503378,0
DNN-3583,DNN,early,4,Bug,2013-09-12 16:36:55,2013-09-12 21:21:18,2494,249.4,0.0160541999999999,0
DNN-3617,DNN,early,5,Bug,2013-09-17 21:06:03,2013-09-17 23:43:04,2494,249.4,0.0187349999999999,0
DNN-3724,DNN,early,6,Bug,2013-09-24 06:24:01,2013-12-02 04:50:10,2494,249.4,0.0132268,0
DNN-3355,DNN,early,7,Improvement,2013-08-15 10:57:13,2014-02-17 16:27:17,2494,249.4,0.0625574,0
DNN-4433,DNN,early,8,New Feature,2013-12-13 19:45:10,2013-12-18 19:56:12,2494,249.4,0.9382078,1
DNN-3155,DNN,early,9,Bug,2013-07-24 21:47:15,2013-08-01 20:00:00,2494,249.4,0.0092402,0
DNN-3827,DNN,early,10,Bug,2013-10-08 23:49:00,2013-10-11 21:55:21,2494,249.4,0.0219399999999999,0
DNN-6529,DNN,middle,1,Bug,2015-01-30 00:28:40,2015-05-15 20:36:15,2494,249.4,0.023898,0
DNN-7480,DNN,middle,2,Story,2015-08-27 05:07:51,2015-08-27 17:59:30,2494,249.4,0.9297632,1
DNN-7112,DNN,middle,3,Improvement,2015-06-16 19:40:01,2015-09-18 16:37:02,2494,249.4,0.1521746,0
DNN-6068,DNN,middle,4,Bug,2014-11-05 09:17:05,2015-11-04 20:02:55,2494,249.4,0.0093648,0
DNN-7991,DNN,middle,5,Bug,2015-11-20 22:00:51,2015-11-24 10:31:45,2494,249.4,0.0145316,0
DNN-6747,DNN,middle,6,Bug,2015-03-16 23:50:39,2015-03-16 23:51:19,2494,249.4,0.0144999999999999,0
DNN-6664,DNN,middle,7,Bug,2015-02-26 21:43:48,2015-03-02 18:28:05,2494,249.4,0.0149012,0
DNN-7232,DNN,middle,8,Task,2015-07-10 21:08:55,2015-07-10 21:11:25,2494,249.4,0.5223674,1
DNN-7926,DNN,middle,9,Bug,2015-11-13 23:30:11,2015-11-16 08:29:43,2494,249.4,0.0234392,0
DNN-6928,DNN,middle,10,Story,2015-04-29 15:30:24,2015-04-29 15:30:48,2494,249.4,0.1568478,0
DNN-24191,DNN,late,1,Bug,2012-11-22 08:02:00,2016-12-13 00:41:15,2494,249.4,0.0173156,0
DNN-4362,DNN,late,2,Improvement,2013-12-09 12:05:41,2016-12-13 00:40:32,2494,249.4,0.2330197999999999,0
DNN-6527,DNN,late,3,Bug,2015-01-29 22:47:46,2016-12-13 00:12:45,2494,249.4,0.0070598,0
DNN-9678,DNN,late,4,Improvement,2017-04-12 15:46:32,2017-08-22 23:30:08,2494,249.4,0.1588994,0
DNN-10172,DNN,late,5,Bug,2017-08-10 22:26:02,2017-08-10 22:26:31,2494,249.4,0.010412,0
DNN-9622,DNN,late,6,Bug,2016-11-18 16:59:30,2017-03-17 23:27:25,2494,249.4,0.010998,0
DNN-8618,DNN,late,7,Improvement,2016-03-24 18:02:02,2016-04-19 04:36:37,2494,249.4,0.0642338,0
DNN-10072,DNN,late,8,Bug,2017-07-17 18:40:17,2017-09-15 00:25:24,2494,249.4,0.0269439999999999,0
DNN-5860,DNN,late,9,Bug,2014-09-15 19:35:07,2016-12-13 00:42:00,2494,249.4,0.011519,0
DNN-9076,DNN,late,10,Bug,2016-11-16 15:58:44,2016-11-29 16:41:11,2494,249.4,0.0071766,0
FAB-2729,FAB,early,1,Story,2017-03-10 16:07:16,2017-03-28 19:55:48,4251,425.1,0.0809812,0
FAB-8082,FAB,early,2,Bug,2018-02-06 15:05:45,2018-02-09 14:22:32,4251,425.1,0.0050252,0
FAB-2324,FAB,early,3,Sub-task,2017-02-17 06:47:57,2017-02-23 18:46:41,4251,425.1,0.0459581999999999,0
FAB-954,FAB,early,4,Sub-task,2016-11-04 08:30:13,2017-01-19 08:59:01,4251,425.1,0.984566,1
FAB-3195,FAB,early,5,Bug,2017-04-17 09:34:19,2017-04-18 08:12:09,4251,425.1,0.0184836,0
FAB-990,FAB,early,6,Bug,2016-11-06 05:55:52,2017-04-12 04:32:48,4251,425.1,0.0149169999999999,0
FAB-2504,FAB,early,7,Bug,2017-02-27 17:17:59,2017-03-06 20:28:40,4251,425.1,0.0099514,0
FAB-5357,FAB,early,8,Bug,2017-07-18 15:11:33,2017-09-19 23:02:49,4251,425.1,0.0073426,0
FAB-3510,FAB,early,9,Sub-task,2017-04-28 20:45:38,2017-05-10 19:31:16,4251,425.1,0.0622882,0
FAB-61,FAB,early,10,Epic,2016-08-12 21:53:13,2017-04-11 17:23:01,4251,425.1,0.9455758,1
FAB-9919,FAB,middle,1,Documentation,2018-05-07 04:03:10,2018-09-21 03:55:05,4251,425.1,0.3866703999999999,0
FAB-10820,FAB,middle,2,Story,2018-06-22 18:24:12,2018-07-09 20:34:59,4251,425.1,0.0811364,0
FAB-10388,FAB,middle,3,Task,2018-05-25 16:07:04,2018-06-15 18:55:15,4251,425.1,0.1276462,0
FAB-8888,FAB,middle,4,Sub-task,2018-03-15 15:44:20,2018-03-16 03:21:08,4251,425.1,0.1089402,0
FAB-9005,FAB,middle,5,Sub-task,2018-03-20 18:02:44,2018-07-20 15:05:25,4251,425.1,0.6763608,1
FAB-11727,FAB,middle,6,Bug,2018-08-24 16:06:43,2018-08-29 23:39:43,4251,425.1,0.009631,0
FAB-2809,FAB,middle,7,Epic,2017-03-17 06:32:12,2018-11-15 13:03:47,4251,425.1,0.666769,1
FAB-11587,FAB,middle,8,Sub-task,2018-08-14 17:03:10,2018-11-19 05:38:47,4251,425.1,0.1545542,0
FAB-11859,FAB,middle,9,Test Task,2018-09-04 16:36:38,2018-09-05 01:08:15,4251,425.1,0.107371,0
FAB-13493,FAB,middle,10,Bug,2019-01-05 19:56:01,2019-01-17 21:47:36,4251,425.1,0.013527,0
FAB-15098,FAB,late,1,Documentation,2019-04-08 04:27:21,2019-04-08 11:32:51,4251,425.1,0.7387170000000001,1
FAB-1629,FAB,late,2,Sub-task,2017-01-12 19:23:38,2019-07-12 12:39:30,4251,425.1,0.1690738,0
FAB-10270,FAB,late,3,Story,2018-05-22 08:49:25,2020-01-22 22:32:30,4251,425.1,0.2810354,0
FAB-16353,FAB,late,4,Story,2019-08-20 05:01:37,2019-09-10 16:02:07,4251,425.1,0.3978486,0
FAB-14992,FAB,late,5,Sub-task,2019-04-02 17:13:23,2019-04-10 03:43:12,4251,425.1,0.1243436,0
FAB-3037,FAB,late,6,Task,2017-04-07 14:13:14,2019-07-30 03:59:48,4251,425.1,0.4281042,0
FAB-17450,FAB,late,7,Bug,2020-01-28 20:23:19,2020-04-26 05:06:11,4251,425.1,0.013582,0
FAB-17487,FAB,late,8,Story,2020-02-10 14:12:36,2020-02-27 15:46:18,4251,425.1,0.8337532000000001,1
FAB-6570,FAB,late,9,Story,2017-10-11 03:32:00,2020-01-22 22:11:29,4251,425.1,0.0386212,0
FAB-16111,FAB,late,10,Sub-task,2019-07-26 19:15:17,2019-07-30 12:23:57,4251,425.1,0.2106188,0
JRASERVER-14628,JRASERVER,early,1,Bug,2008-03-12 17:20:47,2008-03-13 06:37:59,11733,1173.3,0.0054636,0
JRASERVER-19254,JRASERVER,early,2,Suggestion,2009-09-25 02:49:11,2009-09-30 05:16:58,11733,1173.3,0.0570535999999999,0
JRASERVER-8712,JRASERVER,early,3,Support Request,2005-12-05 20:41:23,2005-12-06 02:00:38,11733,1173.3,0.3842214,0
JRASERVER-15305,JRASERVER,early,4,Bug,2008-07-25 19:04:54,2008-07-28 00:04:25,11733,1173.3,0.003557,0
JRASERVER-9492,JRASERVER,early,5,Bug,2006-02-28 06:09:30,2006-11-30 02:55:09,11733,1173.3,0.0072362,0
JRASERVER-20324,JRASERVER,early,6,Suggestion,2010-02-02 18:30:10,2010-05-24 02:25:24,11733,1173.3,0.0495686,0
JRASERVER-6799,JRASERVER,early,7,Bug,2005-05-26 20:10:45,2006-05-31 04:46:51,11733,1173.3,0.0051394,0
JRASERVER-4722,JRASERVER,early,8,Bug,2004-10-01 11:16:21,2004-11-10 10:43:33,11733,1173.3,0.0031922,0
JRASERVER-12128,JRASERVER,early,9,Bug,2007-02-09 13:10:23,2007-02-14 05:46:21,11733,1173.3,0.005035,0
JRASERVER-4099,JRASERVER,early,10,Bug,2004-07-26 04:14:20,2004-07-28 00:28:47,11733,1173.3,0.005912,0
JRASERVER-36229,JRASERVER,middle,1,Bug,2013-12-17 18:29:18,2014-01-21 05:05:36,11732,1173.2,0.0063264,0
JRASERVER-5287,JRASERVER,middle,2,Suggestion,2004-11-19 11:57:06,2013-11-21 04:48:16,11732,1173.2,0.2596844,0
JRASERVER-32385,JRASERVER,middle,3,Suggestion,2013-04-01 15:10:11,2015-06-25 09:10:05,11732,1173.2,0.6242110000000001,1
JRASERVER-27324,JRASERVER,middle,4,Suggestion,2012-02-29 01:09:15,2015-06-25 09:06:37,11732,1173.2,0.1091074,0
JRASERVER-34114,JRASERVER,middle,5,Bug,2013-07-31 09:36:39,2013-08-28 01:13:25,11732,1173.2,0.0096876,0
JRASERVER-23858,JRASERVER,middle,6,Bug,2011-03-06 23:54:06,2011-04-01 01:00:11,11732,1173.2,0.0106316,0
JRASERVER-11532,JRASERVER,middle,7,Suggestion,2006-11-13 09:38:39,2012-03-13 00:25:16,11732,1173.2,0.94019,1
JRASERVER-42141,JRASERVER,middle,8,Suggestion,2015-02-19 19:04:46,2015-06-25 17:55:38,11732,1173.2,0.9159878,1
JRASERVER-36578,JRASERVER,middle,9,Bug,2014-01-17 00:21:25,2014-01-22 06:43:27,11732,1173.2,0.0042104,0
JRASERVER-25759,JRASERVER,middle,10,Suggestion,2011-09-21 16:31:49,2015-06-01 04:20:57,11732,1173.2,0.9532474,1
JRASERVER-41244,JRASERVER,late,1,Suggestion,2014-12-12 14:54:50,2018-03-22 11:18:11,11732,1173.2,0.846594,1
JRASERVER-44119,JRASERVER,late,2,Bug,2015-07-02 15:31:29,2018-05-28 16:21:09,11732,1173.2,0.0045856,0
JRASERVER-64276,JRASERVER,late,3,Bug,2017-03-01 17:30:42,2017-06-29 15:02:25,11732,1173.2,0.0058706,0
JRASERVER-20835,JRASERVER,late,4,Bug,2010-04-07 02:45:48,2017-12-04 13:50:10,11732,1173.2,0.0073504,0
JRASERVER-22315,JRASERVER,late,5,Bug,2010-09-20 19:44:17,2019-07-04 13:30:55,11732,1173.2,0.0068185999999999,0
JRASERVER-60898,JRASERVER,late,6,Suggestion,2016-04-10 18:38:16,2018-03-29 08:46:53,11732,1173.2,0.902689,1
JRASERVER-41978,JRASERVER,late,7,Suggestion,2015-02-09 18:04:52,2017-06-09 08:04:14,11732,1173.2,0.8951996,1
JRASERVER-36610,JRASERVER,late,8,Bug,2014-01-20 05:32:15,2018-05-28 16:21:13,11732,1173.2,0.0078732,0
JRASERVER-66345,JRASERVER,late,9,Bug,2017-11-16 09:23:32,2017-11-16 09:25:29,11732,1173.2,0.0060577999999999,0
JRASERVER-65826,JRASERVER,late,10,Suggestion,2017-08-23 07:50:08,2020-02-03 16:53:11,11732,1173.2,0.1763726,0
MESOS-3577,MESOS,early,1,Bug,2015-10-04 01:41:18,2015-10-06 00:02:01,2329,232.9,0.0259648,0
MESOS-3359,MESOS,early,2,Task,2015-09-02 19:50:16,2015-09-14 21:22:17,2329,232.9,0.0593344,0
MESOS-536,MESOS,early,3,Bug,2013-07-02 21:56:53,2013-12-03 20:33:10,2329,232.9,0.010006,0
MESOS-2707,MESOS,early,4,Bug,2015-05-08 13:06:41,2015-05-13 01:59:18,2329,232.9,0.0272292,0
MESOS-2279,MESOS,early,5,Bug,2015-01-27 21:38:11,2015-01-28 22:27:06,2329,232.9,0.0329972,0
MESOS-768,MESOS,early,6,Improvement,2013-10-24 18:53:42,2013-12-03 20:15:31,2329,232.9,0.8928788000000001,1
MESOS-686,MESOS,early,7,Bug,2013-09-11 04:10:53,2013-10-18 01:40:33,2329,232.9,0.0403271999999999,0
MESOS-2271,MESOS,early,8,Epic,2015-01-26 19:39:20,2015-10-16 14:30:34,2329,232.9,0.9632124,1
MESOS-3170,MESOS,early,9,Bug,2015-07-29 13:00:45,2015-08-05 18:03:48,2329,232.9,0.0230727999999999,0
MESOS-285,MESOS,early,10,Bug,2012-09-26 23:51:49,2013-05-22 00:38:52,2329,232.9,0.0241565999999999,0
MESOS-4668,MESOS,middle,1,Bug,2016-02-12 21:12:41,2016-09-20 19:59:11,2328,232.8,0.0124826,0
MESOS-7661,MESOS,middle,2,Bug,2017-06-14 00:46:07,2017-08-14 22:20:08,2328,232.8,0.0136024,0
MESOS-6969,MESOS,middle,3,Bug,2017-01-20 22:48:35,2017-01-25 18:01:13,2328,232.8,0.0319548,0
MESOS-6772,MESOS,middle,4,Bug,2016-12-09 23:22:06,2017-01-09 20:46:00,2328,232.8,0.0174516,0
MESOS-7477,MESOS,middle,5,Improvement,2017-05-09 01:30:42,2017-06-17 05:18:13,2328,232.8,0.385893,0
MESOS-6321,MESOS,middle,6,Bug,2016-10-06 19:44:32,2016-10-10 18:45:12,2328,232.8,0.0140562,0
MESOS-7155,MESOS,middle,7,Documentation,2017-02-22 08:12:31,2017-03-28 00:05:38,2328,232.8,0.4195374,0
MESOS-5308,MESOS,middle,8,Bug,2016-04-29 07:22:35,2016-05-17 06:42:01,2328,232.8,0.0091138,0
MESOS-7534,MESOS,middle,9,Task,2017-05-22 14:41:05,2017-10-13 01:48:32,2328,232.8,0.8098460000000001,1
MESOS-7609,MESOS,middle,10,Improvement,2017-06-02 19:10:25,2017-07-11 19:20:46,2328,232.8,0.7634346000000001,1
MESOS-3676,MESOS,late,1,Task,2015-10-09 08:59:22,2018-11-26 12:22:10,2328,232.8,0.0506136,0
MESOS-3847,MESOS,late,2,Bug,2015-11-06 22:08:00,2018-11-26 12:21:24,2328,232.8,0.0532738,0
MESOS-3133,MESOS,late,3,Task,2015-07-23 04:54:20,2018-11-26 12:22:28,2328,232.8,0.6942052,1
MESOS-9984,MESOS,late,4,Task,2019-10-01 12:16:27,2019-11-08 13:39:13,2328,232.8,0.0785612,0
MESOS-9887,MESOS,late,5,Bug,2019-07-10 18:46:27,2019-08-26 14:10:40,2328,232.8,0.0176694,0
MESOS-3222,MESOS,late,6,Task,2015-08-06 21:49:39,2018-11-26 12:22:52,2328,232.8,0.9047744,1
MESOS-3338,MESOS,late,7,Bug,2015-08-31 16:53:39,2018-12-03 22:15:55,2328,232.8,0.0261336,0
MESOS-9425,MESOS,late,8,Bug,2018-11-29 22:24:43,2019-01-16 21:44:34,2328,232.8,0.0094538,0
MESOS-8885,MESOS,late,9,Improvement,2018-05-07 02:42:51,2018-05-07 23:04:41,2328,232.8,0.5359894000000001,1
MESOS-8947,MESOS,late,10,Improvement,2018-05-24 02:10:13,2018-06-01 07:00:48,2328,232.8,0.9241534,1
MULE-4846,MULE,early,1,Task,2010-04-30 15:59:49,2010-05-05 16:01:56,3714,371.4,0.101561,0
MULE-1606,MULE,early,2,Bug,2007-04-13 02:49:45,2007-05-28 23:15:45,3714,371.4,0.0194593999999999,0
MULE-5045,MULE,early,3,Enhancement Request,2010-09-02 23:43:27,2010-09-06 12:57:09,3714,371.4,0.9628248,1
MULE-106,MULE,early,4,Enhancement Request,2004-11-21 11:19:54,2004-12-09 03:12:45,3714,371.4,0.9808754,1
MULE-1672,MULE,early,5,Bug,2007-04-25 16:55:31,2007-09-25 08:33:52,3714,371.4,0.0121168,0
MULE-1516,MULE,early,6,Task,2007-03-19 21:54:10,2008-11-29 23:32:14,3714,371.4,0.5072782,1
MULE-3533,MULE,early,7,Enhancement Request,2008-07-08 16:07:40,2008-07-14 14:13:50,3714,371.4,0.9729254,1
MULE-3862,MULE,early,8,Bug,2008-10-21 23:19:42,2009-04-07 20:21:27,3714,371.4,0.0244142,0
MULE-1839,MULE,early,9,Bug,2007-06-04 19:45:10,2007-10-25 21:02:20,3714,371.4,0.0123252,0
MULE-1358,MULE,early,10,Task,2007-02-02 08:52:21,2007-02-02 12:55:43,3714,371.4,0.0311374,0
MULE-6609,MULE,middle,1,Bug,2013-01-23 20:08:03,2013-05-27 21:10:05,3713,371.3,0.0548084,0
MULE-8991,MULE,middle,2,Enhancement Request,2015-10-06 22:56:22,2015-10-07 20:28:30,3713,371.3,0.9208928,1
MULE-9535,MULE,middle,3,Enhancement Request,2016-03-31 16:00:30,2016-04-01 16:15:36,3713,371.3,0.6826268000000001,1
MULE-9016,MULE,middle,4,Bug,2015-10-21 19:12:27,2015-10-21 20:10:53,3713,371.3,0.0142289999999999,0
MULE-7890,MULE,middle,5,Task,2014-09-23 15:41:24,2014-09-25 15:54:09,3713,371.3,0.1252854,0
MULE-6633,MULE,middle,6,Enhancement Request,2013-02-06 18:36:30,2013-02-06 19:48:03,3713,371.3,0.928061,1
MULE-6453,MULE,middle,7,Bug,2012-09-25 17:29:42,2012-09-26 14:43:48,3713,371.3,0.0159233999999999,0
MULE-6126,MULE,middle,8,Sub-task,2012-03-15 02:52:15,2012-05-30 12:52:31,3713,371.3,0.0711808,0
MULE-5574,MULE,middle,9,Bug,2011-05-23 21:09:04,2011-05-23 21:20:43,3713,371.3,0.0077956,0
MULE-8738,MULE,middle,10,Bug,2015-06-25 20:29:55,2015-06-26 02:18:58,3713,371.3,0.0061145999999999,0
MULE-14524,MULE,late,1,Bug,2018-01-22 17:45:00,2018-10-03 15:36:35,3713,371.3,0.0115611999999999,0
MULE-12684,MULE,late,2,Task,2017-06-04 00:44:20,2017-06-07 19:00:33,3713,371.3,0.0774162,0
MULE-10787,MULE,late,3,Bug,2016-10-17 18:15:34,2018-10-03 16:08:23,3713,371.3,0.0126182,0
MULE-10887,MULE,late,4,Enhancement Request,2016-11-03 17:44:53,2016-11-03 22:57:41,3713,371.3,0.9835108,1
MULE-10964,MULE,late,5,Enhancement Request,2016-11-14 16:06:33,2019-05-17 21:43:27,3713,371.3,0.9455234,1
MULE-3598,MULE,late,6,Bug,2008-08-05 04:39:36,2018-04-23 18:03:06,3713,371.3,0.0126919999999999,0
MULE-10430,MULE,late,7,Task,2016-09-01 14:31:19,2016-11-24 17:34:30,3713,371.3,0.9513712,1
MULE-9406,MULE,late,8,Epic,2016-02-26 19:12:13,2018-07-18 19:36:51,3713,371.3,0.9590664,1
MULE-14395,MULE,late,9,Task,2018-01-08 15:45:24,2018-01-09 21:29:05,3713,371.3,0.077308,0
MULE-8896,MULE,late,10,Bug,2015-08-26 14:46:26,2019-04-06 16:49:00,3713,371.3,0.0146336,0
NEXUS-552,NEXUS,early,1,Sub-task,2008-08-14 18:59:03,2008-08-18 19:43:19,2986,298.6,0.0558886,0
NEXUS-1742,NEXUS,early,2,Bug,2009-03-04 15:13:55,2009-03-04 16:07:11,2986,298.6,0.0135626,0
NEXUS-436,NEXUS,early,3,Bug,2008-08-04 20:32:24,2008-09-29 19:07:20,2986,298.6,0.0159768,0
NEXUS-1566,NEXUS,early,4,Bug,2009-02-10 10:01:34,2009-06-25 20:41:24,2986,298.6,0.0234072,0
NEXUS-3151,NEXUS,early,5,Improvement,2010-01-06 17:31:16,2010-01-11 14:47:46,2986,298.6,0.1040509999999999,0
NEXUS-93,NEXUS,early,6,Bug,2008-06-22 04:39:22,2008-09-22 18:59:43,2986,298.6,0.0092602,0
NEXUS-1471,NEXUS,early,7,Bug,2009-01-27 17:51:43,2009-01-27 22:16:10,2986,298.6,0.0822316,0
NEXUS-138,NEXUS,early,8,Sub-task,2008-07-02 17:18:00,2008-07-04 15:50:12,2986,298.6,0.673479,1
NEXUS-2101,NEXUS,early,9,Sub-task,2009-05-29 21:09:19,2009-05-29 21:38:17,2986,298.6,0.026339,0
NEXUS-2653,NEXUS,early,10,Bug,2009-09-15 20:19:42,2009-09-15 20:52:08,2986,298.6,0.0224638,0
NEXUS-4435,NEXUS,middle,1,Bug,2011-07-27 17:40:55,2011-08-17 16:10:19,2986,298.6,0.042155,0
NEXUS-5008,NEXUS,middle,2,Bug,2012-04-05 14:55:10,2012-04-13 15:29:35,2986,298.6,0.0100556,0
NEXUS-4760,NEXUS,middle,3,Bug,2012-01-11 01:47:08,2012-02-03 04:35:47,2986,298.6,0.0109,0
NEXUS-6419,NEXUS,middle,4,Improvement,2013-08-08 17:18:30,2014-05-23 01:07:53,2986,298.6,0.44347,0
NEXUS-5202,NEXUS,middle,5,Bug,2012-08-02 22:32:50,2012-09-03 14:48:59,2986,298.6,0.0236078,0
NEXUS-4622,NEXUS,middle,6,Bug,2011-11-04 18:15:31,2012-01-30 10:52:52,2986,298.6,0.0112232,0
NEXUS-5506,NEXUS,middle,7,Bug,2013-01-18 19:55:19,2013-03-18 12:27:44,2986,298.6,0.0467342,0
NEXUS-3104,NEXUS,middle,8,Bug,2009-12-12 00:22:57,2012-09-11 22:06:51,2986,298.6,0.0169692,0
NEXUS-5208,NEXUS,middle,9,Bug,2012-08-10 09:16:48,2012-08-16 15:36:27,2986,298.6,0.0752188,0
NEXUS-5860,NEXUS,middle,10,Improvement,2013-09-04 18:35:46,2013-10-10 19:41:26,2986,298.6,0.44133,0
NEXUS-21579,NEXUS,late,1,Task,2019-10-15 14:05:16,2019-10-28 12:43:26,2986,298.6,0.0642634,0
NEXUS-15816,NEXUS,late,2,Improvement,2018-02-07 17:04:54,2018-02-28 17:51:35,2986,298.6,0.7716816,1
NEXUS-12267,NEXUS,late,3,Improvement,2017-01-27 11:35:00,2018-03-22 21:12:25,2986,298.6,0.259734,0
NEXUS-10774,NEXUS,late,4,Story,2016-08-31 17:13:36,2017-02-13 14:53:48,2986,298.6,0.1706758,0
NEXUS-8467,NEXUS,late,5,Bug,2015-04-20 21:14:18,2015-10-21 03:50:58,2986,298.6,0.0135331999999999,0
NEXUS-10473,NEXUS,late,6,Bug,2016-07-12 10:03:13,2016-10-25 21:12:16,2986,298.6,0.0119718,0
NEXUS-21787,NEXUS,late,7,Improvement,2019-11-08 10:15:25,2019-11-12 15:39:19,2986,298.6,0.9528604,1
NEXUS-9774,NEXUS,late,8,Bug,2016-02-10 16:50:28,2016-02-25 15:21:13,2986,298.6,0.01704,0
NEXUS-8720,NEXUS,late,9,Bug,2015-05-28 09:10:21,2015-05-28 13:44:42,2986,298.6,0.0308909999999999,0
NEXUS-7909,NEXUS,late,10,Bug,2015-01-13 17:01:28,2015-01-15 20:15:13,2986,298.6,0.022027,0
SERVER-3707,SERVER,early,1,Improvement,2011-08-29 16:09:53,2011-08-29 17:22:45,14604,1460.4,0.1055848,0
SERVER-6037,SERVER,early,2,Bug,2012-06-07 19:17:24,2012-12-17 15:48:03,14604,1460.4,0.0080422,0
SERVER-12191,SERVER,early,3,Bug,2013-12-23 16:22:37,2014-01-05 22:54:37,14604,1460.4,0.009045,0
SERVER-16860,SERVER,early,4,Bug,2015-01-15 09:18:51,2015-03-19 04:43:15,14604,1460.4,0.0211938,0
SERVER-12576,SERVER,early,5,Improvement,2014-02-03 15:38:48,2014-02-10 01:16:40,14604,1460.4,0.0675833999999999,0
SERVER-1071,SERVER,early,6,New Feature,2010-05-01 15:25:16,2010-05-03 14:29:53,14604,1460.4,0.1123281999999999,0
SERVER-3425,SERVER,early,7,Bug,2011-07-13 16:37:16,2011-10-05 04:15:09,14604,1460.4,0.0095176,0
SERVER-15538,SERVER,early,8,Bug,2014-10-06 22:22:43,2015-03-02 21:28:32,14604,1460.4,0.005715,0
SERVER-18799,SERVER,early,9,Improvement,2015-06-03 15:39:52,2015-06-03 16:48:31,14604,1460.4,0.0463822,0
SERVER-7417,SERVER,early,10,Bug,2012-10-18 21:23:53,2012-11-09 15:01:00,14604,1460.4,0.0057015999999999,0
SERVER-36136,SERVER,middle,1,Task,2018-07-14 15:11:21,2018-08-01 15:31:56,14603,1460.3,0.0546524,0
SERVER-6613,SERVER,middle,2,Bug,2012-07-26 21:45:48,2015-12-08 23:14:52,14603,1460.3,0.0032645999999999,0
SERVER-18854,SERVER,middle,3,Improvement,2015-06-06 12:28:14,2017-07-24 17:28:46,14603,1460.3,0.9365626,1
SERVER-8430,SERVER,middle,4,Bug,2013-01-31 22:51:23,2018-07-16 12:28:35,14603,1460.3,0.0041866,0
SERVER-34889,SERVER,middle,5,Bug,2018-05-08 15:14:31,2018-05-09 20:59:57,14603,1460.3,0.0249836,0
SERVER-28287,SERVER,middle,6,Task,2017-03-13 14:35:52,2017-03-14 14:00:20,14603,1460.3,0.126622,0
SERVER-23010,SERVER,middle,7,Bug,2016-03-08 20:53:50,2016-03-27 20:22:46,14603,1460.3,0.0054372,0
SERVER-35435,SERVER,middle,8,Bug,2018-06-06 01:03:07,2018-06-12 18:18:37,14603,1460.3,0.0121128,0
SERVER-30821,SERVER,middle,9,Improvement,2017-08-24 22:03:20,2017-08-31 14:50:33,14603,1460.3,0.9483818,1
SERVER-24684,SERVER,middle,10,Question,2016-06-21 10:07:03,2016-06-21 11:40:52,14603,1460.3,0.1534498,0
SERVER-30027,SERVER,late,1,Bug,2017-07-06 19:48:07,2020-05-11 16:44:30,14603,1460.3,0.004833,0
SERVER-9459,SERVER,late,2,Improvement,2013-04-25 12:52:13,2018-10-01 16:50:28,14603,1460.3,0.6476794,1
SERVER-39199,SERVER,late,3,Bug,2019-01-25 16:46:36,2019-02-04 16:28:52,14603,1460.3,0.0045234,0
SERVER-38812,SERVER,late,4,Task,2019-01-02 22:02:25,2019-01-23 23:54:14,14603,1460.3,0.2883699999999999,0
SERVER-47471,SERVER,late,5,Task,2020-04-10 18:43:57,2020-05-15 17:50:42,14603,1460.3,0.0118632,0
SERVER-47518,SERVER,late,6,Improvement,2020-04-13 23:31:57,2020-05-07 15:08:24,14603,1460.3,0.9655158,1
SERVER-46291,SERVER,late,7,Bug,2020-02-21 00:12:37,2020-05-07 18:42:26,14603,1460.3,0.0085713999999999,0
SERVER-44943,SERVER,late,8,Bug,2019-12-04 15:26:30,2019-12-11 19:20:05,14603,1460.3,0.013193,0
SERVER-34708,SERVER,late,9,Bug,2018-04-26 20:39:31,2019-11-19 19:53:47,14603,1460.3,0.0075219999999999,0
SERVER-36047,SERVER,late,10,Task,2018-07-10 15:45:07,2018-09-21 18:39:34,14603,1460.3,0.0453999999999999,0
TIMOB-9517,TIMOB,early,1,New Feature,2012-06-13 11:23:29,2012-08-16 01:56:25,6497,649.7,0.178776,0
TIMOB-5923,TIMOB,early,2,Sub-task,2011-10-31 07:52:23,2011-11-14 13:40:40,6497,649.7,0.0088458,0
TIMOB-3189,TIMOB,early,3,New Feature,2011-04-15 03:39:04,2011-04-15 03:39:05,6497,649.7,0.0109502,0
TIMOB-5427,TIMOB,early,4,New Feature,2011-10-04 13:38:57,2011-10-04 15:34:41,6497,649.7,0.1089828,0
TIMOB-7954,TIMOB,early,5,Bug,2012-03-09 17:59:48,2012-03-09 18:37:35,6497,649.7,0.001994,0
TIMOB-2241,TIMOB,early,6,Bug,2011-04-15 03:14:34,2011-04-15 03:14:36,6497,649.7,0.002761,0
TIMOB-927,TIMOB,early,7,Bug,2011-04-15 02:39:24,2011-04-15 02:39:24,6497,649.7,0.0068641999999999,0
TIMOB-4733,TIMOB,early,8,Bug,2011-07-20 16:31:17,2011-11-05 15:20:21,6497,649.7,0.0025361999999999,0
TIMOB-6959,TIMOB,early,9,New Feature,2012-01-03 10:26:18,2012-08-22 12:26:25,6497,649.7,0.8576338,1
TIMOB-1585,TIMOB,early,10,Bug,2011-04-15 02:56:42,2011-04-15 02:56:43,6497,649.7,0.0021609999999999,0
TIMOB-18594,TIMOB,middle,1,Bug,2015-02-19 17:09:55,2015-03-23 22:32:25,6496,649.6,0.0029813999999999,0
TIMOB-15333,TIMOB,middle,2,New Feature,2013-09-24 07:11:25,2013-09-24 16:00:56,6496,649.6,0.1236103999999999,0
TIMOB-13452,TIMOB,middle,3,Sub-task,2013-04-08 18:06:14,2013-04-16 22:29:45,6496,649.6,0.0073941999999999,0
TIMOB-15915,TIMOB,middle,4,Bug,2013-12-06 23:01:33,2015-04-13 16:19:51,6496,649.6,0.0051388,0
TIMOB-19549,TIMOB,middle,5,Bug,2015-09-18 20:39:08,2015-09-20 09:57:56,6496,649.6,0.004331,0
TIMOB-11217,TIMOB,middle,6,Bug,2012-09-30 05:53:36,2012-10-16 02:38:13,6496,649.6,0.0053478,0
TIMOB-18651,TIMOB,middle,7,Sub-task,2015-03-05 21:29:51,2015-03-06 22:02:02,6496,649.6,0.030097,0
TIMOB-16724,TIMOB,middle,8,Sub-task,2014-03-26 22:58:19,2014-05-01 19:34:01,6496,649.6,0.013575,0
TIMOB-13863,TIMOB,middle,9,Bug,2013-05-15 10:24:27,2013-09-03 18:18:04,6496,649.6,0.0032274,0
TIMOB-16350,TIMOB,middle,10,New Feature,2014-01-31 01:03:24,2014-02-07 01:24:13,6496,649.6,0.3692605999999999,0
TIMOB-8278,TIMOB,late,1,Bug,2012-03-24 12:44:02,2017-05-02 22:18:32,6497,649.7,0.0019077999999999,0
TIMOB-27611,TIMOB,late,2,Bug,2019-11-18 19:25:57,2020-01-07 18:03:15,6497,649.7,0.0028276,0
TIMOB-23477,TIMOB,late,3,Bug,2016-06-03 19:52:25,2017-01-19 14:17:12,6497,649.7,0.003091,0
TIMOB-25951,TIMOB,late,4,Bug,2018-04-10 09:25:14,2018-08-29 18:16:11,6497,649.7,0.0073381999999999,0
TIMOB-26578,TIMOB,late,5,Bug,2018-11-16 19:37:37,2018-12-11 15:08:58,6497,649.7,0.0037691999999999,0
TIMOB-12996,TIMOB,late,6,Bug,2013-03-07 23:07:28,2017-08-22 23:49:21,6497,649.7,0.0019161999999999,0
TIMOB-4245,TIMOB,late,7,Bug,2011-05-27 06:34:20,2020-01-09 19:03:31,6497,649.7,0.0023874,0
TIMOB-1812,TIMOB,late,8,Bug,2011-04-15 03:03:01,2017-06-02 23:41:27,6497,649.7,0.0016828,0
TIMOB-11596,TIMOB,late,9,Bug,2012-10-29 17:10:41,2017-06-26 18:43:28,6497,649.7,0.0023553999999999,0
TIMOB-20513,TIMOB,late,10,Bug,2016-03-04 06:56:32,2016-11-10 21:55:30,6497,649.7,0.00214,0
