project,era,stratum_size,era_start,era_end
CONFSERVER,early,12084,2004-02-12,2012-03-07
CONFSERVER,middle,12083,2012-03-07,2015-02-20
CONFSERVER,late,12083,2015-02-20,2020-10-19
DM,early,7498,2014-03-08,2017-05-30
DM,middle,7497,2017-05-30,2019-05-08
DM,late,7498,2019-05-08,2020-10-22
DNN,early,2494,2013-07-19,2014-07-04
DNN,middle,2494,2014-07-04,2016-01-08
DNN,late,2494,2016-01-08,2018-03-30
FAB,early,4251,2016-08-06,2018-02-28
FAB,middle,4251,2018-02-28,2019-03-08
FAB,late,4251,2019-03-08,2020-10-19
JRASERVER,early,11733,2004-02-13,2011-03-16
JRASERVER,middle,11732,2011-03-16,2015-06-30
JRASERVER,late,11732,2015-06-30,2020-10-20
MESOS,early,2329,2011-06-21,2015-12-22
MESOS,middle,2328,2015-12-22,2018-01-03
MESOS,late,2328,2018-01-04,2020-10-13
MULE,early,3714,2004-03-23,2011-03-01
MULE,middle,3713,2011-03-01,2016-08-25
MULE,late,3713,2016-08-25,2020-09-25
NEXUS,early,2986,2008-04-08,2011-07-05
NEXUS,middle,2986,2011-07-05,2014-10-07
NEXUS,late,2986,2014-10-07,2020-10-16
SERVER,early,14604,2009-04-09,2015-08-17
SERVER,middle,14603,2015-08-17,2018-08-08
SERVER,late,14603,2018-08-08,2020-10-21
TIMOB,early,6497,2011-04-15,2012-08-29
TIMOB,middle,6496,2012-08-29,2015-10-23
TIMOB,late,6497,2015-10-23,2020-10-22
