resolved_total,resolved_design,resolved_nonbug,bug_count,project,quarter,quarter_index,calendar_index,design_ratio_raw,design_ratio_corrected,bug_count_lag1,gini_design_effort,front_loaded_index,quarters_since_changepoint
0.0,0.0,0.0,0.0,CONFSERVER,2003Q3,0,14,,,,0.0,0.12451778825546507,35.0
0.0,0.0,0.0,0.0,CONFSERVER,2003Q4,1,15,,,0.0,0.0,0.12451778825546507,34.0
156.0,7.0,35.0,189.0,CONFSERVER,2004Q1,2,16,0.04487179487179487,0.0,0.0,0.6666666666666666,0.12451778825546507,33.0
269.0,18.0,85.0,229.0,CONFSERVER,2004Q2,3,17,0.06691449814126393,0.0,189.0,0.61,0.12451778825546507,32.0
242.0,17.0,66.0,224.0,CONFSERVER,2004Q3,4,18,0.07024793388429752,0.0,229.0,0.5047619047619047,0.12451778825546507,31.0
323.0,26.0,120.0,241.0,CONFSERVER,2004Q4,5,19,0.0804953560371517,0.013692204285528914,224.0,0.4754901960784313,0.12451778825546507,30.0
234.0,14.0,77.0,206.0,CONFSERVER,2005Q1,6,20,0.05982905982905983,0.0,241.0,0.43205574912891986,0.12451778825546507,29.0
229.0,22.0,84.0,290.0,CONFSERVER,2005Q2,7,21,0.09606986899563319,0.035242658081684225,206.0,0.3942307692307693,0.12451778825546507,28.0
335.0,39.0,137.0,307.0,CONFSERVER,2005Q3,8,22,0.11641791044776119,0.06339824332054957,290.0,0.4164724164724165,0.12451778825546507,27.0
485.0,28.0,132.0,510.0,CONFSERVER,2005Q4,9,23,0.0577319587628866,0.0,307.0,0.3900584795321637,0.12451778825546507,26.0
325.0,26.0,94.0,440.0,CONFSERVER,2006Q1,10,24,0.08,0.013006780130067903,510.0,0.3627134287032764,0.12451778825546507,25.0
261.0,23.0,68.0,339.0,CONFSERVER,2006Q2,11,25,0.08812260536398467,0.024246029284605994,440.0,0.33939393939393936,0.12451778825546507,24.0
306.0,18.0,64.0,300.0,CONFSERVER,2006Q3,12,26,0.058823529411764705,0.0,339.0,0.3244990303813833,0.12451778825546507,23.0
187.0,24.0,65.0,202.0,CONFSERVER,2006Q4,13,27,0.12834224598930483,0.07989794657438062,300.0,0.30643402399127595,0.12451778825546507,22.0
283.0,17.0,61.0,321.0,CONFSERVER,2007Q1,14,28,0.06007067137809187,0.0,202.0,0.2967741935483871,0.12451778825546507,21.0
326.0,14.0,83.0,298.0,CONFSERVER,2007Q2,15,29,0.04294478527607362,0.0,321.0,0.29458191126279865,0.12451778825546507,20.0
320.0,36.0,133.0,376.0,CONFSERVER,2007Q3,16,30,0.1125,0.05797703057977036,298.0,0.29858752011442874,0.12451778825546507,19.0
547.0,75.0,188.0,372.0,CONFSERVER,2007Q4,17,31,0.13711151736745886,0.09203198750167269,376.0,0.35973597359735976,0.12451778825546507,18.0
275.0,38.0,113.0,330.0,CONFSERVER,2008Q1,18,32,0.13818181818181818,0.09351296275331143,372.0,0.3538937842343415,0.12451778825546507,17.0
362.0,28.0,106.0,423.0,CONFSERVER,2008Q2,19,33,0.07734806629834254,0.009337299430389606,330.0,0.3419148936170213,0.12451778825546507,16.0
514.0,33.0,109.0,434.0,CONFSERVER,2008Q3,20,34,0.06420233463035019,0.0,423.0,0.33285998295938657,0.12451778825546507,15.0
395.0,33.0,111.0,431.0,CONFSERVER,2008Q4,21,35,0.08354430379746836,0.0179110333436673,434.0,0.3237788331071913,0.12451778825546507,14.0
366.0,45.0,126.0,317.0,CONFSERVER,2009Q1,22,36,0.12295081967213115,0.0724378299047062,431.0,0.3241787023871885,0.12451778825546507,13.0
384.0,27.0,94.0,449.0,CONFSERVER,2009Q2,23,37,0.0703125,0.0,317.0,0.31496710526315796,0.12451778825546507,12.0
259.0,27.0,87.0,366.0,CONFSERVER,2009Q3,24,38,0.10424710424710425,0.04655749861229315,449.0,0.3061417322834646,0.12451778825546507,11.0
482.0,43.0,134.0,596.0,CONFSERVER,2009Q4,25,39,0.08921161825726141,0.02575289644010145,366.0,0.30451554345359655,0.12451778825546507,10.0
416.0,25.0,105.0,510.0,CONFSERVER,2010Q1,26,40,0.06009615384615385,0.0,596.0,0.2975607186133502,0.12451778825546507,9.0
510.0,44.0,158.0,538.0,CONFSERVER,2010Q2,27,41,0.08627450980392157,0.021688819432574353,510.0,0.2962803595333715,0.12451778825546507,8.0
295.0,29.0,113.0,318.0,CONFSERVER,2010Q3,28,42,0.09830508474576272,0.03833552614606713,538.0,0.2893707785282616,0.12451778825546507,7.0
524.0,97.0,299.0,290.0,CONFSERVER,2010Q4,29,43,0.1851145038167939,0.1584537205158348,318.0,0.3264222985872471,0.12451778825546507,6.0
476.0,55.0,199.0,314.0,CONFSERVER,2011Q1,30,44,0.11554621848739496,0.062192083142929275,290.0,0.32848998887652947,0.12451778825546507,5.0
479.0,50.0,189.0,376.0,CONFSERVER,2011Q2,31,45,0.10438413361169102,0.046747106145968005,314.0,0.3267510224948875,0.12451778825546507,4.0
657.0,77.0,261.0,438.0,CONFSERVER,2011Q3,32,46,0.1171993911719939,0.06447957820948381,376.0,0.3375556512997271,0.12451778825546507,3.0
479.0,64.0,169.0,634.0,CONFSERVER,2011Q4,33,47,0.1336116910229645,0.08718927774036882,438.0,0.33966777059349207,0.12451778825546507,2.0
614.0,24.0,92.0,547.0,CONFSERVER,2012Q1,34,48,0.03908794788273615,0.0,634.0,0.33630796150481185,0.12451778825546507,1.0
437.0,57.0,165.0,532.0,CONFSERVER,2012Q2,35,49,0.13043478260869565,0.08279338952358595,547.0,0.33509259259259255,0.12451778825546507,0.0
804.0,197.0,545.0,571.0,CONFSERVER,2012Q3,36,50,0.24502487562189054,0.24135170281152682,532.0,0.39404902397028374,0.12451778825546507,1.0
516.0,70.0,206.0,525.0,CONFSERVER,2012Q4,37,51,0.13565891472868216,0.09002202121029775,571.0,0.39272772934380945,0.12451778825546507,2.0
1502.0,506.0,1246.0,595.0,CONFSERVER,2013Q1,38,52,0.33688415446071907,0.3684573882118708,525.0,0.5153417287223673,0.12451778825546507,2.0
1283.0,114.0,325.0,689.0,CONFSERVER,2013Q2,39,53,0.08885424785658613,0.025258403011742262,595.0,0.5160158121705798,0.12451778825546507,1.0
944.0,120.0,346.0,724.0,CONFSERVER,2013Q3,40,54,0.1271186440677966,0.07820484857865849,689.0,0.5162730557980704,0.12451778825546507,0.0
1250.0,199.0,532.0,701.0,CONFSERVER,2013Q4,41,55,0.1592,0.1225958212259582,724.0,0.5272730871234612,0.12451778825546507,1.0
945.0,51.0,165.0,640.0,CONFSERVER,2014Q1,42,56,0.05396825396825397,0.0,701.0,0.521111962972428,0.12451778825546507,2.0
1948.0,452.0,1131.0,652.0,CONFSERVER,2014Q2,43,57,0.23203285420944558,0.22337464260335632,640.0,0.563634801087534,0.12451778825546507,3.0
979.0,45.0,142.0,777.0,CONFSERVER,2014Q3,44,58,0.045965270684371805,0.0,652.0,0.5584292484766418,0.12451778825546507,4.0
977.0,37.0,109.0,499.0,CONFSERVER,2014Q4,45,59,0.037871033776867964,0.0,777.0,0.5543078510895004,0.12451778825546507,5.0
543.0,40.0,86.0,539.0,CONFSERVER,2015Q1,46,60,0.07366482504604052,0.004240798458614298,499.0,0.5497518549457029,0.12451778825546507,6.0
467.0,34.0,107.0,542.0,CONFSERVER,2015Q2,47,61,0.0728051391862955,0.0030512511225894426,539.0,0.5461731919521479,0.12451778825546507,7.0
791.0,33.0,93.0,509.0,CONFSERVER,2015Q3,48,62,0.041719342604298354,0.0,542.0,0.5427596474354751,0.12451778825546507,8.0
475.0,31.0,89.0,522.0,CONFSERVER,2015Q4,49,63,0.06526315789473684,0.0,509.0,0.5397571108980506,0.12451778825546507,9.0
1210.0,318.0,947.0,480.0,CONFSERVER,2016Q1,50,64,0.2628099173553719,0.2659608653042368,522.0,0.5566647895015273,0.12451778825546507,10.0
1608.0,21.0,56.0,474.0,CONFSERVER,2016Q2,51,65,0.013059701492537313,0.0,480.0,0.5567607133351078,0.12451778825546507,11.0
618.0,132.0,474.0,242.0,CONFSERVER,2016Q3,52,66,0.21359223300970873,0.19785835479411737,474.0,0.5546331236897275,0.12451778825546507,12.0
211.0,14.0,44.0,254.0,CONFSERVER,2016Q4,53,67,0.06635071090047394,0.0,242.0,0.5572567586956075,0.12451778825546507,13.0
1103.0,119.0,355.0,219.0,CONFSERVER,2017Q1,54,68,0.10788757932910245,0.05159482403362741,254.0,0.5540072571414655,0.12451778825546507,14.0
191.0,16.0,44.0,214.0,CONFSERVER,2017Q2,55,69,0.08376963350785341,0.0182228220670451,219.0,0.555829173493884,0.12451778825546507,15.0
140.0,19.0,63.0,195.0,CONFSERVER,2017Q3,56,70,0.1357142857142857,0.09009863804384347,214.0,0.5565146943792603,0.12451778825546507,16.0
1101.0,321.0,974.0,204.0,CONFSERVER,2017Q4,57,71,0.29155313351498635,0.3057328539020151,195.0,0.5679113854664745,0.12451778825546507,17.0
542.0,134.0,418.0,271.0,CONFSERVER,2018Q1,58,72,0.24723247232472326,0.24440635439978303,204.0,0.5648968321179015,0.12451778825546507,18.0
135.0,10.0,30.0,239.0,CONFSERVER,2018Q2,59,73,0.07407407407407407,0.004807076344367212,271.0,0.5686550122056855,0.12451778825546507,19.0
1161.0,141.0,493.0,206.0,CONFSERVER,2018Q3,60,74,0.12144702842377261,0.07035703393354438,239.0,0.5657424273089119,0.12451778825546507,20.0
747.0,221.0,610.0,177.0,CONFSERVER,2018Q4,61,75,0.2958500669344043,0.3116785207339202,206.0,0.566818772157675,0.12451778825546507,21.0
75.0,3.0,9.0,161.0,CONFSERVER,2019Q1,62,76,0.04,0.0,177.0,0.572719677982836,0.12451778825546507,22.0
53.0,2.0,6.0,162.0,CONFSERVER,2019Q2,63,77,0.03773584905660377,0.0,161.0,0.578743206521739,0.12451778825546507,23.0
668.0,18.0,35.0,165.0,CONFSERVER,2019Q3,64,78,0.02694610778443114,0.0,162.0,0.5797847886197821,0.12451778825546507,24.0
87.0,8.0,24.0,152.0,CONFSERVER,2019Q4,65,79,0.09195402298850575,0.029547561904671175,165.0,0.583618284007389,0.12451778825546507,25.0
116.0,16.0,36.0,151.0,CONFSERVER,2020Q1,66,80,0.13793103448275862,0.0931659533454527,152.0,0.5849704514909296,0.12451778825546507,26.0
86.0,11.0,23.0,155.0,CONFSERVER,2020Q2,67,81,0.12790697674418605,0.07929566451388688,151.0,0.5876442775691837,0.12451778825546507,27.0
224.0,13.0,32.0,157.0,CONFSERVER,2020Q3,68,82,0.05803571428571429,0.0,155.0,0.5896121806220765,0.12451778825546507,28.0
16.0,0.0,0.0,27.0,CONFSERVER,2020Q4,69,83,0.0,0.0,157.0,0.5954748637560469,0.12451778825546507,29.0
49.0,10.0,32.0,37.0,DM,2014Q1,0,56,0.20408163265306123,0.035068470718277095,,0.0,0.18022141792633595,
176.0,61.0,148.0,46.0,DM,2014Q2,1,57,0.3465909090909091,0.32094465213823287,37.0,0.35915492957746475,0.18022141792633595,
223.0,115.0,198.0,33.0,DM,2014Q3,2,58,0.515695067264574,0.6601706464685538,46.0,0.3763440860215053,0.18022141792633595,
317.0,138.0,279.0,60.0,DM,2014Q4,3,59,0.4353312302839117,0.4989593385835743,33.0,0.3379629629629629,0.18022141792633595,
465.0,251.0,400.0,83.0,DM,2015Q1,4,60,0.5397849462365591,0.7084953786089451,60.0,0.38886956521739136,0.18022141792633595,
395.0,180.0,322.0,90.0,DM,2015Q2,5,61,0.45569620253164556,0.5398118405850462,83.0,0.34988962472406177,0.18022141792633595,
636.0,329.0,570.0,83.0,DM,2015Q3,6,62,0.5172955974842768,0.66338133898551,90.0,0.36953083816552457,0.18022141792633595,
475.0,224.0,423.0,68.0,DM,2015Q4,7,63,0.47157894736842104,0.5716729134772739,83.0,0.33944954128440363,0.18022141792633595,
836.0,385.0,737.0,106.0,DM,2016Q1,8,64,0.4605263157894737,0.5495011349838989,68.0,0.3494126140316335,0.18022141792633595,
683.0,313.0,621.0,84.0,DM,2016Q2,9,65,0.4582723279648609,0.5449795947138636,106.0,0.33020937188434696,0.18022141792633595,
855.0,355.0,754.0,141.0,DM,2016Q3,10,66,0.4152046783625731,0.4585851120613301,84.0,0.3168149089368912,0.18022141792633595,
808.0,386.0,731.0,91.0,DM,2016Q4,11,67,0.4777227722772277,0.5839975371659532,141.0,0.30678922460866404,0.18022141792633595,
1012.0,360.0,901.0,136.0,DM,2017Q1,12,68,0.3557312252964427,0.3392802914672874,91.0,0.29184719368176076,0.18022141792633595,
938.0,425.0,855.0,89.0,DM,2017Q2,13,69,0.453091684434968,0.5345871302607184,136.0,0.2872917003721081,0.18022141792633595,
808.0,320.0,738.0,83.0,DM,2017Q3,14,70,0.39603960396039606,0.42013962680119576,89.0,0.2733471789546556,0.18022141792633595,
803.0,333.0,744.0,81.0,DM,2017Q4,15,71,0.41469489414694893,0.4575624757210611,83.0,0.26028972520908,0.18022141792633595,
738.0,322.0,661.0,105.0,DM,2018Q1,16,72,0.4363143631436314,0.5009315208498123,81.0,0.24842402015165957,0.18022141792633595,
1002.0,397.0,889.0,132.0,DM,2018Q2,17,73,0.3962075848303393,0.42047659945905597,105.0,0.24166213521841584,0.18022141792633595,
846.0,328.0,738.0,106.0,DM,2018Q3,18,74,0.3877068557919622,0.403423983534528,132.0,0.2316111379365846,0.18022141792633595,
993.0,466.0,901.0,115.0,DM,2018Q4,19,75,0.4692849949647533,0.5670712035401273,106.0,0.2338188838188838,0.18022141792633595,
1227.0,509.0,1105.0,132.0,DM,2019Q1,20,76,0.41483292583537085,0.4578393697800819,115.0,0.238808718267394,0.18022141792633595,
1511.0,580.0,1396.0,98.0,DM,2019Q2,21,77,0.38385175380542685,0.39569057934890034,132.0,0.24847636524371453,0.18022141792633595,
1208.0,448.0,1108.0,105.0,DM,2019Q3,22,78,0.3708609271523179,0.36963074654426864,98.0,0.24393497791532712,0.18022141792633595,
1306.0,526.0,1177.0,140.0,DM,2019Q4,23,79,0.40275650842266464,0.43361385842059114,105.0,0.24461516986642615,0.18022141792633595,
1285.0,473.0,1204.0,85.0,DM,2020Q1,24,80,0.3680933852140078,0.364079007450367,140.0,0.24068982268642217,0.18022141792633595,
1521.0,604.0,1423.0,100.0,DM,2020Q2,25,81,0.3971071663379356,0.4222811762044848,85.0,0.24549584834717222,0.18022141792633595,
1194.0,453.0,1097.0,100.0,DM,2020Q3,26,82,0.3793969849246231,0.386754232546887,100.0,0.2401049203330981,0.18022141792633595,
260.0,103.0,240.0,22.0,DM,2020Q4,27,83,0.39615384615384613,0.42036879870380384,100.0,0.25476748076279687,0.18022141792633595,
0.0,0.0,0.0,447.0,DNN,2012Q1,0,48,,,,0.0,0.18592057761732853,5.0
0.0,0.0,0.0,759.0,DNN,2012Q2,1,49,,,447.0,0.0,0.18592057761732853,4.0
0.0,0.0,0.0,411.0,DNN,2012Q3,2,50,,,759.0,0.0,0.18592057761732853,3.0
0.0,0.0,0.0,385.0,DNN,2012Q4,3,51,,,411.0,0.0,0.18592057761732853,2.0
0.0,0.0,0.0,215.0,DNN,2013Q1,4,52,,,385.0,0.0,0.18592057761732853,1.0
0.0,0.0,0.0,264.0,DNN,2013Q2,5,53,,,215.0,0.0,0.18592057761732853,0.0
763.0,42.0,229.0,414.0,DNN,2013Q3,6,54,0.05504587155963303,0.006506822912651148,264.0,0.8571428571428571,0.18592057761732853,1.0
823.0,61.0,255.0,436.0,DNN,2013Q4,7,55,0.07411907654921021,0.03321999516696096,414.0,0.7730582524271845,0.18592057761732853,2.0
567.0,47.0,216.0,369.0,DNN,2014Q1,8,56,0.08289241622574955,0.0455075857503496,436.0,0.6948148148148149,0.18592057761732853,3.0
332.0,23.0,73.0,315.0,DNN,2014Q2,9,57,0.06927710843373494,0.026438527218116126,369.0,0.6687861271676301,0.18592057761732853,4.0
197.0,8.0,35.0,311.0,DNN,2014Q3,10,58,0.04060913705583756,0.0,315.0,0.6760421898543446,0.18592057761732853,5.0
208.0,15.0,58.0,276.0,DNN,2014Q4,11,59,0.07211538461538461,0.030413703943115662,311.0,0.6615646258503401,0.18592057761732853,6.0
401.0,49.0,123.0,314.0,DNN,2015Q1,12,60,0.12219451371571072,0.10055254021808233,276.0,0.6191522762951334,0.18592057761732853,7.0
277.0,19.0,66.0,243.0,DNN,2015Q2,13,61,0.06859205776173286,0.025479072495424283,314.0,0.6028138528138528,0.18592057761732853,8.0
636.0,77.0,232.0,272.0,DNN,2015Q3,14,62,0.12106918238993711,0.09897644592428155,243.0,0.5947214076246335,0.18592057761732853,9.0
762.0,62.0,212.0,400.0,DNN,2015Q4,15,63,0.08136482939632546,0.04336810839821483,272.0,0.567772952853598,0.18592057761732853,10.0
324.0,23.0,78.0,214.0,DNN,2016Q1,16,64,0.07098765432098765,0.02883424974928256,400.0,0.555923777961889,0.18592057761732853,11.0
90.0,1.0,28.0,129.0,DNN,2016Q2,17,65,0.011111111111111112,0.0,214.0,0.578584439240177,0.18592057761732853,12.0
43.0,3.0,17.0,72.0,DNN,2016Q3,18,66,0.06976744186046512,0.02712526871213588,129.0,0.594859241126071,0.18592057761732853,13.0
737.0,50.0,246.0,201.0,DNN,2016Q4,19,67,0.06784260515603799,0.024429418986047488,72.0,0.5708333333333333,0.18592057761732853,14.0
487.0,21.0,186.0,222.0,DNN,2017Q1,20,68,0.043121149897330596,0.0,201.0,0.5617336755061306,0.18592057761732853,15.0
270.0,16.0,86.0,160.0,DNN,2017Q2,21,69,0.05925925925925926,0.01240792613341645,222.0,0.5574995604009143,0.18592057761732853,16.0
277.0,27.0,135.0,118.0,DNN,2017Q3,22,70,0.09747292418772563,0.06592846524891553,160.0,0.5447570332480819,0.18592057761732853,17.0
260.0,8.0,61.0,245.0,DNN,2017Q4,23,71,0.03076923076923077,0.0,118.0,0.5507246376811594,0.18592057761732853,18.0
111.0,2.0,23.0,105.0,DNN,2018Q1,24,72,0.018018018018018018,0.0,245.0,0.5650541516245488,0.18592057761732853,19.0
0.0,0.0,0.0,22.0,DNN,2018Q2,25,73,,,105.0,0.5817828381005277,0.18592057761732853,20.0
130.0,44.0,88.0,88.0,FAB,2016Q3,0,66,0.3384615384615385,0.08096461221955767,,0.0,0.2921847246891652,
386.0,164.0,321.0,92.0,FAB,2016Q4,1,67,0.42487046632124353,0.2177092361469277,88.0,0.28846153846153855,0.2921847246891652,
722.0,229.0,543.0,306.0,FAB,2017Q1,2,68,0.3171745152354571,0.0472772831705288,92.0,0.28222730739893215,0.2921847246891652,
1182.0,248.0,723.0,290.0,FAB,2017Q2,3,69,0.2098138747884941,0.0,306.0,0.24708029197080283,0.2921847246891652,
561.0,125.0,414.0,240.0,FAB,2017Q3,4,70,0.22281639928698752,0.0,290.0,0.25283950617283946,0.2921847246891652,
710.0,177.0,481.0,196.0,FAB,2017Q4,5,71,0.24929577464788732,0.0,240.0,0.2271192164809186,0.2921847246891652,
903.0,202.0,643.0,272.0,FAB,2018Q1,6,72,0.22369878183831673,0.0,196.0,0.20617565781569144,0.2921847246891652,
1102.0,231.0,808.0,354.0,FAB,2018Q2,7,73,0.20961887477313976,0.0,272.0,0.19172535211267605,0.2921847246891652,
1152.0,290.0,856.0,285.0,FAB,2018Q3,8,74,0.2517361111111111,0.0,354.0,0.20000000000000007,0.2921847246891652,
918.0,208.0,591.0,303.0,FAB,2018Q4,9,75,0.22657952069716775,0.0,285.0,0.18623566214807089,0.2921847246891652,
977.0,252.0,718.0,308.0,FAB,2019Q1,10,76,0.2579324462640737,0.0,303.0,0.17804775869291992,0.2921847246891652,
761.0,149.0,531.0,219.0,FAB,2019Q2,11,77,0.19579500657030224,0.0,308.0,0.18107661348282308,0.2921847246891652,
1121.0,274.0,889.0,194.0,FAB,2019Q3,12,78,0.24442462087421946,0.0,219.0,0.1791806342519802,0.2921847246891652,
539.0,111.0,379.0,165.0,FAB,2019Q4,13,79,0.20593692022263452,0.0,194.0,0.19346999154691463,0.2921847246891652,
1168.0,507.0,1021.0,111.0,FAB,2020Q1,14,80,0.4340753424657534,0.2322762184930423,165.0,0.2432886951105574,0.2921847246891652,
323.0,102.0,230.0,80.0,FAB,2020Q2,15,81,0.3157894736842105,0.04508541491408532,111.0,0.25496151524298216,0.2921847246891652,
146.0,52.0,111.0,46.0,FAB,2020Q3,16,82,0.3561643835616438,0.10897987586903596,80.0,0.27990560265711045,0.2921847246891652,
41.0,13.0,28.0,13.0,FAB,2020Q4,17,83,0.3170731707317073,0.04711690256639859,46.0,0.31504506282481415,0.2921847246891652,
0.0,0.0,0.0,94.0,JRASERVER,2002Q1,0,8,,,,0.0,0.10206611570247934,25.0
0.0,0.0,0.0,133.0,JRASERVER,2002Q2,1,9,,,94.0,0.0,0.10206611570247934,24.0
0.0,0.0,0.0,116.0,JRASERVER,2002Q3,2,10,,,133.0,0.0,0.10206611570247934,23.0
0.0,0.0,0.0,50.0,JRASERVER,2002Q4,3,11,,,116.0,0.0,0.10206611570247934,22.0
0.0,0.0,0.0,16.0,JRASERVER,2003Q1,4,12,,,50.0,0.0,0.10206611570247934,21.0
0.0,0.0,0.0,3.0,JRASERVER,2003Q2,5,13,,,16.0,0.0,0.10206611570247934,20.0
0.0,0.0,0.0,5.0,JRASERVER,2003Q3,6,14,,,3.0,0.0,0.10206611570247934,19.0
0.0,0.0,0.0,33.0,JRASERVER,2003Q4,7,15,,,5.0,0.0,0.10206611570247934,18.0
132.0,20.0,44.0,224.0,JRASERVER,2004Q1,8,16,0.15151515151515152,0.02476531892966994,33.0,0.8888888888888888,0.10206611570247934,17.0
207.0,29.0,63.0,218.0,JRASERVER,2004Q2,9,17,0.14009661835748793,0.009655443109021899,224.0,0.8183673469387756,0.10206611570247934,16.0
512.0,86.0,178.0,305.0,JRASERVER,2004Q3,10,18,0.16796875,0.04653797803361118,218.0,0.8161616161616162,0.10206611570247934,15.0
302.0,51.0,117.0,346.0,JRASERVER,2004Q4,11,19,0.16887417218543047,0.047736101873005844,305.0,0.7652329749103943,0.10206611570247934,14.0
438.0,48.0,168.0,299.0,JRASERVER,2005Q1,12,20,0.1095890410958904,0.0,346.0,0.7166337935568704,0.10206611570247934,13.0
337.0,54.0,154.0,328.0,JRASERVER,2005Q2,13,21,0.16023738872403562,0.036307249866396135,299.0,0.6726190476190477,0.10206611570247934,12.0
528.0,70.0,248.0,320.0,JRASERVER,2005Q3,14,22,0.13257575757575757,0.0,328.0,0.6398510242085661,0.10206611570247934,11.0
590.0,102.0,309.0,278.0,JRASERVER,2005Q4,15,23,0.17288135593220338,0.05303871368559388,320.0,0.6260869565217391,0.10206611570247934,10.0
479.0,81.0,268.0,269.0,JRASERVER,2006Q1,16,24,0.16910229645093947,0.04803797333722298,278.0,0.5975861694030662,0.10206611570247934,9.0
299.0,50.0,136.0,254.0,JRASERVER,2006Q2,17,25,0.16722408026755853,0.04555257412671482,269.0,0.5727580372250424,0.10206611570247934,8.0
626.0,82.0,249.0,176.0,JRASERVER,2006Q3,18,26,0.13099041533546327,0.0,254.0,0.5494642996793618,0.10206611570247934,7.0
362.0,64.0,151.0,212.0,JRASERVER,2006Q4,19,27,0.17679558011049723,0.058218314292043404,176.0,0.5272048846675712,0.10206611570247934,6.0
252.0,36.0,90.0,175.0,JRASERVER,2007Q1,20,28,0.14285714285714285,0.013308380120607071,212.0,0.5180804533974003,0.10206611570247934,5.0
227.0,36.0,105.0,132.0,JRASERVER,2007Q2,21,29,0.15859030837004406,0.034127707251612974,175.0,0.5084279132486796,0.10206611570247934,4.0
311.0,69.0,166.0,164.0,JRASERVER,2007Q3,22,30,0.22186495176848875,0.11785755163224655,132.0,0.49073982371001285,0.10206611570247934,3.0
298.0,62.0,163.0,178.0,JRASERVER,2007Q4,23,31,0.2080536912751678,0.09958143611905225,164.0,0.4742021276595745,0.10206611570247934,2.0
296.0,48.0,114.0,147.0,JRASERVER,2008Q1,24,32,0.16216216216216217,0.038854257194868666,178.0,0.46137651821862347,0.10206611570247934,1.0
237.0,49.0,129.0,128.0,JRASERVER,2008Q2,25,33,0.20675105485232068,0.0978576880406518,147.0,0.448668496402344,0.10206611570247934,0.0
261.0,46.0,113.0,179.0,JRASERVER,2008Q3,26,34,0.17624521072796934,0.057490023459003906,128.0,0.4377415273075477,0.10206611570247934,1.0
335.0,105.0,198.0,178.0,JRASERVER,2008Q4,27,35,0.31343283582089554,0.23902717456781197,179.0,0.43746993746993745,0.10206611570247934,2.0
378.0,109.0,223.0,180.0,JRASERVER,2009Q1,28,36,0.28835978835978837,0.20584860177291034,178.0,0.4364448461967937,0.10206611570247934,3.0
422.0,96.0,192.0,284.0,JRASERVER,2009Q2,29,37,0.22748815165876776,0.12529859952198974,180.0,0.4297439578846614,0.10206611570247934,4.0
1166.0,197.0,465.0,746.0,JRASERVER,2009Q3,30,38,0.16895368782161235,0.04784132304037609,284.0,0.45599513085818627,0.10206611570247934,5.0
283.0,66.0,145.0,346.0,JRASERVER,2009Q4,31,39,0.2332155477031802,0.13287752772684935,746.0,0.4454634661835749,0.10206611570247934,6.0
222.0,30.0,96.0,328.0,JRASERVER,2010Q1,32,40,0.13513513513513514,0.003090029290902551,346.0,0.4458104173406664,0.10206611570247934,7.0
586.0,212.0,439.0,337.0,JRASERVER,2010Q2,33,41,0.36177474402730375,0.30299688239685557,328.0,0.46665220355792475,0.10206611570247934,8.0
427.0,103.0,235.0,439.0,JRASERVER,2010Q3,34,42,0.24121779859484777,0.14346671773831915,337.0,0.4589134004426358,0.10206611570247934,9.0
556.0,133.0,326.0,318.0,JRASERVER,2010Q4,35,43,0.2392086330935252,0.14080803638153397,439.0,0.4566281370405082,0.10206611570247934,10.0
736.0,216.0,450.0,427.0,JRASERVER,2011Q1,36,44,0.29347826086956524,0.2126217558152245,318.0,0.46833812535940195,0.10206611570247934,11.0
400.0,39.0,90.0,321.0,JRASERVER,2011Q2,37,45,0.0975,0.0,427.0,0.4664030314379502,0.10206611570247934,12.0
505.0,158.0,310.0,485.0,JRASERVER,2011Q3,38,46,0.31287128712871287,0.23828409041777543,321.0,0.4656861264635116,0.10206611570247934,13.0
387.0,86.0,160.0,434.0,JRASERVER,2011Q4,39,47,0.2222222222222222,0.11833031920368174,485.0,0.45771933156095707,0.10206611570247934,14.0
384.0,68.0,141.0,458.0,JRASERVER,2012Q1,40,48,0.17708333333333334,0.058599091350182916,434.0,0.4508537939877733,0.10206611570247934,15.0
373.0,73.0,130.0,500.0,JRASERVER,2012Q2,41,49,0.19571045576407506,0.08324792346708343,458.0,0.4438150169945411,0.10206611570247934,16.0
595.0,147.0,277.0,487.0,JRASERVER,2012Q3,42,50,0.24705882352941178,0.15119600837556138,500.0,0.44185250352300504,0.10206611570247934,17.0
526.0,52.0,189.0,487.0,JRASERVER,2012Q4,43,51,0.09885931558935361,0.0,487.0,0.43802556340396903,0.10206611570247934,18.0
668.0,201.0,386.0,391.0,JRASERVER,2013Q1,44,52,0.3008982035928144,0.22244039115100467,487.0,0.44263810123923547,0.10206611570247934,19.0
871.0,239.0,470.0,391.0,JRASERVER,2013Q2,45,53,0.2743972445464983,0.18737229660777838,391.0,0.45098026726455115,0.10206611570247934,20.0
850.0,208.0,427.0,508.0,JRASERVER,2013Q3,46,54,0.2447058823529412,0.14808241676980424,391.0,0.4527020277694536,0.10206611570247934,21.0
1819.0,881.0,1496.0,452.0,JRASERVER,2013Q4,47,55,0.48433205057724027,0.4651740777785369,508.0,0.531384199614986,0.10206611570247934,22.0
683.0,117.0,387.0,452.0,JRASERVER,2014Q1,48,56,0.17130307467057102,0.05095021128830358,452.0,0.5248419350420402,0.10206611570247934,23.0
463.0,73.0,198.0,373.0,JRASERVER,2014Q2,49,57,0.15766738660907129,0.03290642663632549,452.0,0.5197953964194373,0.10206611570247934,24.0
370.0,41.0,92.0,385.0,JRASERVER,2014Q3,50,58,0.11081081081081082,0.0,373.0,0.5193157761731356,0.10206611570247934,25.0
278.0,21.0,65.0,402.0,JRASERVER,2014Q4,51,59,0.07553956834532374,0.0,385.0,0.523259765056147,0.10206611570247934,26.0
409.0,91.0,157.0,359.0,JRASERVER,2015Q1,52,60,0.22249388753056235,0.11868980750372157,402.0,0.5174289775493117,0.10206611570247934,27.0
2232.0,1174.0,1911.0,440.0,JRASERVER,2015Q2,53,61,0.5259856630824373,0.5202933215329327,359.0,0.5853224049768326,0.10206611570247934,28.0
764.0,349.0,535.0,439.0,JRASERVER,2015Q3,54,62,0.4568062827225131,0.4287498778913764,440.0,0.5875571037003198,0.10206611570247934,29.0
399.0,97.0,189.0,463.0,JRASERVER,2015Q4,55,63,0.24310776942355888,0.14596767159396426,439.0,0.5821373328913931,0.10206611570247934,30.0
377.0,32.0,105.0,385.0,JRASERVER,2016Q1,56,64,0.08488063660477453,0.0,463.0,0.5832597501140878,0.10206611570247934,31.0
214.0,29.0,83.0,394.0,JRASERVER,2016Q2,57,65,0.13551401869158877,0.0035913969717994263,385.0,0.5847696746171812,0.10206611570247934,32.0
316.0,59.0,117.0,436.0,JRASERVER,2016Q3,58,66,0.18670886075949367,0.07133632494309083,394.0,0.5819337734707798,0.10206611570247934,33.0
252.0,20.0,48.0,326.0,JRASERVER,2016Q4,59,67,0.07936507936507936,0.0,436.0,0.5849482715114812,0.10206611570247934,34.0
138.0,19.0,42.0,257.0,JRASERVER,2017Q1,60,68,0.13768115942028986,0.006459123223884837,326.0,0.5879860616140017,0.10206611570247934,35.0
119.0,19.0,50.0,185.0,JRASERVER,2017Q2,61,69,0.15966386554621848,0.03554832016172864,257.0,0.5908547925781685,0.10206611570247934,36.0
117.0,24.0,41.0,179.0,JRASERVER,2017Q3,62,70,0.20512820512820512,0.09571020924732702,185.0,0.5926703664816759,0.10206611570247934,37.0
1631.0,36.0,56.0,160.0,JRASERVER,2017Q4,63,71,0.022072348252605765,0.0,179.0,0.5924189728479785,0.10206611570247934,38.0
2827.0,1718.0,2773.0,172.0,JRASERVER,2018Q1,64,72,0.6077113547930668,0.6284390032990165,160.0,0.6529317731312745,0.10206611570247934,39.0
440.0,17.0,28.0,180.0,JRASERVER,2018Q2,65,73,0.038636363636363635,0.0,172.0,0.6553685707513628,0.10206611570247934,40.0
81.0,13.0,21.0,164.0,JRASERVER,2018Q3,66,74,0.16049382716049382,0.036646588805734875,180.0,0.6583483010930439,0.10206611570247934,41.0
91.0,6.0,12.0,144.0,JRASERVER,2018Q4,67,75,0.06593406593406594,0.0,164.0,0.6623698432902781,0.10206611570247934,42.0
120.0,25.0,40.0,160.0,JRASERVER,2019Q1,68,76,0.20833333333333334,0.09995147986414347,144.0,0.6633006298077088,0.10206611570247934,43.0
85.0,12.0,22.0,150.0,JRASERVER,2019Q2,69,77,0.1411764705882353,0.011084386116494914,160.0,0.6661172592418177,0.10206611570247934,44.0
1557.0,488.0,749.0,166.0,JRASERVER,2019Q3,70,78,0.3134232498394348,0.23901448966446298,150.0,0.6685420920087437,0.10206611570247934,45.0
1738.0,647.0,1340.0,135.0,JRASERVER,2019Q4,71,79,0.3722669735327963,0.31688100242529615,166.0,0.6735483666239716,0.10206611570247934,46.0
133.0,17.0,25.0,121.0,JRASERVER,2020Q1,72,80,0.12781954887218044,0.0,135.0,0.6755302077090652,0.10206611570247934,47.0
88.0,21.0,31.0,154.0,JRASERVER,2020Q2,73,81,0.23863636363636365,0.14005076569586308,121.0,0.6768932478563181,0.10206611570247934,48.0
92.0,12.0,22.0,140.0,JRASERVER,2020Q3,74,82,0.13043478260869565,0.0,154.0,0.6794145400695665,0.10206611570247934,49.0
18.0,1.0,6.0,30.0,JRASERVER,2020Q4,75,83,0.05555555555555555,0.0,140.0,0.6834819486733362,0.10206611570247934,50.0
0.0,0.0,0.0,0.0,MESOS,2011Q1,0,44,,,,0.0,0.058587881822734104,15.0
3.0,2.0,2.0,10.0,MESOS,2011Q2,1,45,0.6666666666666666,0.6501654475792407,0.0,0.5,0.058587881822734104,14.0
5.0,0.0,2.0,5.0,MESOS,2011Q3,2,46,0.0,0.0,10.0,0.6666666666666666,0.058587881822734104,13.0
23.0,5.0,9.0,36.0,MESOS,2011Q4,3,47,0.21739130434782608,0.06333764935713965,5.0,0.6071428571428571,0.058587881822734104,12.0
46.0,8.0,11.0,36.0,MESOS,2012Q1,4,48,0.17391304347826086,0.006547862432420226,36.0,0.5599999999999999,0.058587881822734104,11.0
14.0,4.0,7.0,36.0,MESOS,2012Q2,5,49,0.2857142857142857,0.15257874309598451,36.0,0.5,0.058587881822734104,10.0
13.0,3.0,3.0,39.0,MESOS,2012Q3,6,50,0.23076923076923078,0.080811429949361,36.0,0.4675324675324675,0.058587881822734104,9.0
18.0,5.0,7.0,22.0,MESOS,2012Q4,7,51,0.2777777777777778,0.14221235341925006,39.0,0.4212962962962963,0.058587881822734104,8.0
36.0,3.0,8.0,65.0,MESOS,2013Q1,8,52,0.08333333333333333,0.0,22.0,0.39999999999999997,0.058587881822734104,7.0
182.0,26.0,53.0,77.0,MESOS,2013Q2,9,53,0.14285714285714285,0.0,65.0,0.5571428571428572,0.058587881822734104,6.0
116.0,13.0,34.0,113.0,MESOS,2013Q3,10,54,0.11206896551724138,0.0,77.0,0.5428194993412384,0.058587881822734104,5.0
131.0,15.0,35.0,110.0,MESOS,2013Q4,11,55,0.11450381679389313,0.0,113.0,0.5257936507936508,0.058587881822734104,4.0
162.0,33.0,57.0,145.0,MESOS,2014Q1,12,56,0.2037037037037037,0.04545938310306122,110.0,0.5535831689677844,0.058587881822734104,3.0
275.0,71.0,123.0,215.0,MESOS,2014Q2,13,57,0.2581818181818182,0.11661679490833074,145.0,0.6261398176291794,0.058587881822734104,2.0
221.0,54.0,88.0,158.0,MESOS,2014Q3,14,58,0.24434389140271492,0.09854217790323262,215.0,0.6198347107438017,0.058587881822734104,1.0
214.0,72.0,120.0,125.0,MESOS,2014Q4,15,59,0.3364485981308411,0.21884613130987604,158.0,0.6146496815286624,0.058587881822734104,0.0
177.0,53.0,89.0,162.0,MESOS,2015Q1,16,60,0.2994350282485876,0.17050029813033898,125.0,0.592723192819362,0.058587881822734104,1.0
291.0,98.0,174.0,129.0,MESOS,2015Q2,17,61,0.33676975945017185,0.2192656210164207,162.0,0.5970131421744325,0.058587881822734104,2.0
263.0,81.0,132.0,244.0,MESOS,2015Q3,18,62,0.30798479087452474,0.18166769967936877,129.0,0.5806824754193175,0.058587881822734104,3.0
150.0,30.0,60.0,297.0,MESOS,2015Q4,19,63,0.2,0.040621734587251705,244.0,0.56875,0.058587881822734104,4.0
242.0,51.0,101.0,356.0,MESOS,2016Q1,20,64,0.21074380165289255,0.05465491333972385,297.0,0.5500113921166553,0.058587881822734104,5.0
425.0,147.0,229.0,309.0,MESOS,2016Q2,21,65,0.3458823529411765,0.2311681725981929,356.0,0.5697674418604651,0.058587881822734104,6.0
349.0,119.0,175.0,272.0,MESOS,2016Q3,22,66,0.34097421203438394,0.2247573302434481,309.0,0.564876576269536,0.058587881822734104,7.0
294.0,79.0,116.0,278.0,MESOS,2016Q4,23,67,0.2687074829931973,0.13036505093155326,272.0,0.5480109739368998,0.058587881822734104,8.0
289.0,80.0,114.0,235.0,MESOS,2017Q1,24,68,0.2768166089965398,0.1409569083026904,278.0,0.5316349809885932,0.058587881822734104,9.0
220.0,55.0,98.0,221.0,MESOS,2017Q2,25,69,0.25,0.10592998955067913,235.0,0.5183447988326038,0.058587881822734104,10.0
214.0,66.0,97.0,146.0,MESOS,2017Q3,26,70,0.308411214953271,0.18222467992851474,221.0,0.5041204887752202,0.058587881822734104,11.0
284.0,100.0,137.0,169.0,MESOS,2017Q4,27,71,0.352112676056338,0.23930600320838288,146.0,0.49447312310627317,0.058587881822734104,12.0
247.0,46.0,98.0,191.0,MESOS,2018Q1,28,72,0.1862348178137652,0.022642134030518693,169.0,0.4863663695066796,0.058587881822734104,13.0
186.0,49.0,99.0,127.0,MESOS,2018Q2,29,73,0.26344086021505375,0.12348597206772949,191.0,0.4772417153996101,0.058587881822734104,14.0
167.0,47.0,80.0,139.0,MESOS,2018Q3,30,74,0.281437125748503,0.1469920660246902,127.0,0.4688931950302064,0.058587881822734104,15.0
1123.0,375.0,722.0,134.0,MESOS,2018Q4,31,75,0.333926981300089,0.2155524834118193,139.0,0.5373254189944134,0.058587881822734104,16.0
251.0,55.0,92.0,84.0,MESOS,2019Q1,32,76,0.21912350597609562,0.06560019066888138,134.0,0.5274533957460786,0.058587881822734104,17.0
145.0,41.0,83.0,56.0,MESOS,2019Q2,33,77,0.2827586206896552,0.14871815659568344,84.0,0.5218015095751981,0.058587881822734104,18.0
134.0,43.0,79.0,65.0,MESOS,2019Q3,34,78,0.3208955223880597,0.19853124658837457,56.0,0.5154113900614679,0.058587881822734104,19.0
49.0,21.0,35.0,25.0,MESOS,2019Q4,35,79,0.42857142857142855,0.3391737572772055,65.0,0.5176353276353276,0.058587881822734104,20.0
61.0,27.0,40.0,17.0,MESOS,2020Q1,36,80,0.4426229508196721,0.3575273652294568,25.0,0.5168628415972878,0.058587881822734104,21.0
32.0,5.0,12.0,28.0,MESOS,2020Q2,37,81,0.15625,0.0,17.0,0.5262626799086515,0.058587881822734104,22.0
36.0,14.0,25.0,13.0,MESOS,2020Q3,38,82,0.3888888888888889,0.2873418088935329,28.0,0.530522583628796,0.058587881822734104,23.0
3.0,1.0,2.0,2.0,MESOS,2020Q4,39,83,0.3333333333333333,0.21477708115639133,13.0,0.5415498247371057,0.058587881822734104,24.0
6.0,6.0,6.0,0.0,MULE,2004Q1,0,16,1.0,1.0,,0.0,0.25862568860539287,5.0
24.0,12.0,17.0,8.0,MULE,2004Q2,1,17,0.5,0.40206038059808286,0.0,0.16666666666666674,0.25862568860539287,4.0
50.0,25.0,34.0,17.0,MULE,2004Q3,2,18,0.5,0.40206038059808286,8.0,0.2945736434108526,0.25862568860539287,3.0
17.0,9.0,10.0,7.0,MULE,2004Q4,3,19,0.5294117647058824,0.4441433176504255,17.0,0.28846153846153844,0.25862568860539287,2.0
84.0,29.0,43.0,41.0,MULE,2005Q1,4,20,0.34523809523809523,0.180623973727422,7.0,0.3061728395061728,0.25862568860539287,1.0
53.0,18.0,24.0,35.0,MULE,2005Q2,5,21,0.33962264150943394,0.1725892710107798,41.0,0.28451178451178444,0.25862568860539287,0.0
52.0,9.0,15.0,47.0,MULE,2005Q3,6,22,0.17307692307692307,0.0,35.0,0.29100529100529104,0.25862568860539287,1.0
86.0,23.0,27.0,73.0,MULE,2005Q4,7,23,0.26744186046511625,0.06931157599816315,47.0,0.2757633587786259,0.25862568860539287,2.0
79.0,18.0,25.0,74.0,MULE,2006Q1,8,24,0.22784810126582278,0.012660039012480761,73.0,0.2595078299776286,0.25862568860539287,3.0
118.0,24.0,46.0,67.0,MULE,2006Q2,9,25,0.2033898305084746,0.0,74.0,0.24682080924855487,0.25862568860539287,4.0
105.0,34.0,52.0,49.0,MULE,2006Q3,10,26,0.3238095238095238,0.14996354816071525,67.0,0.26086956521739135,0.25862568860539287,5.0
133.0,32.0,55.0,81.0,MULE,2006Q4,11,27,0.24060150375939848,0.030907860580052394,49.0,0.25906555090655514,0.25862568860539287,6.0
138.0,39.0,72.0,71.0,MULE,2007Q1,12,28,0.2826086956521739,0.09101258499381022,81.0,0.26895406751521855,0.25862568860539287,7.0
278.0,77.0,140.0,187.0,MULE,2007Q2,13,29,0.27697841726618705,0.08295667086305196,71.0,0.341046277665996,0.25862568860539287,8.0
278.0,77.0,138.0,180.0,MULE,2007Q3,14,30,0.27697841726618705,0.08295667086305196,187.0,0.3731481481481481,0.25862568860539287,9.0
330.0,101.0,151.0,180.0,MULE,2007Q4,15,31,0.30606060606060603,0.12456804415596802,180.0,0.4105300187617261,0.25862568860539287,10.0
274.0,83.0,140.0,128.0,MULE,2008Q1,16,32,0.3029197080291971,0.1200739848750853,180.0,0.4136745607333842,0.25862568860539287,11.0
193.0,45.0,98.0,130.0,MULE,2008Q2,17,33,0.23316062176165803,0.020261298843408368,128.0,0.40317700453857797,0.25862568860539287,12.0
139.0,33.0,71.0,95.0,MULE,2008Q3,18,34,0.23741007194244604,0.026341496555223973,130.0,0.3928408918549977,0.25862568860539287,13.0
344.0,121.0,225.0,112.0,MULE,2008Q4,19,35,0.35174418604651164,0.18993301766563414,95.0,0.4162576687116564,0.25862568860539287,14.0
141.0,34.0,55.0,121.0,MULE,2009Q1,20,36,0.24113475177304963,0.03167084242817239,112.0,0.40720174995793373,0.25862568860539287,15.0
126.0,43.0,59.0,49.0,MULE,2009Q2,21,37,0.3412698412698413,0.17494611714099484,121.0,0.39777823073787205,0.25862568860539287,14.0
77.0,15.0,27.0,68.0,MULE,2009Q3,22,38,0.19480519480519481,0.0,49.0,0.403432241982647,0.25862568860539287,13.0
97.0,15.0,34.0,77.0,MULE,2009Q4,23,39,0.15463917525773196,0.0,68.0,0.4078994938539407,0.25862568860539287,12.0
95.0,22.0,49.0,52.0,MULE,2010Q1,24,40,0.23157894736842105,0.017998207709859812,77.0,0.4054237288135593,0.25862568860539287,11.0
53.0,16.0,31.0,42.0,MULE,2010Q2,25,41,0.3018867924528302,0.11859606875494384,52.0,0.40753205128205133,0.25862568860539287,10.0
140.0,34.0,49.0,119.0,MULE,2010Q3,26,42,0.24285714285714285,0.03413527379760022,42.0,0.3995826812728221,0.25862568860539287,9.0
142.0,30.0,44.0,103.0,MULE,2010Q4,27,43,0.2112676056338028,0.0,119.0,0.39292689732142855,0.25862568860539287,8.0
92.0,15.0,23.0,96.0,MULE,2011Q1,28,44,0.16304347826086957,0.0,103.0,0.395539477614417,0.25862568860539287,7.0
73.0,18.0,27.0,64.0,MULE,2011Q2,29,45,0.2465753424657534,0.03945534764022526,96.0,0.39511195206559446,0.25862568860539287,6.0
87.0,8.0,14.0,112.0,MULE,2011Q3,30,46,0.09195402298850575,0.0,64.0,0.40436165379373007,0.25862568860539287,5.0
114.0,21.0,44.0,83.0,MULE,2011Q4,31,47,0.18421052631578946,0.0,112.0,0.40141574585635365,0.25862568860539287,4.0
101.0,25.0,34.0,59.0,MULE,2012Q1,32,48,0.24752475247524752,0.04081378233688287,83.0,0.3965305621471238,0.25862568860539287,3.0
120.0,29.0,50.0,86.0,MULE,2012Q2,33,49,0.24166666666666667,0.03243191682167207,59.0,0.3905572755417957,0.25862568860539287,2.0
76.0,7.0,17.0,73.0,MULE,2012Q3,34,50,0.09210526315789473,0.0,86.0,0.39960144476273507,0.25862568860539287,1.0
33.0,4.0,6.0,54.0,MULE,2012Q4,35,51,0.12121212121212122,0.0,73.0,0.4114538082826528,0.25862568860539287,0.0
95.0,25.0,49.0,74.0,MULE,2013Q1,36,52,0.2631578947368421,0.06318199275553323,54.0,0.40632469203897775,0.25862568860539287,1.0
147.0,72.0,93.0,56.0,MULE,2013Q2,37,53,0.4897959183673469,0.3874601779472699,74.0,0.408358636977058,0.25862568860539287,2.0
84.0,25.0,44.0,53.0,MULE,2013Q3,38,54,0.2976190476190476,0.11248969469029557,56.0,0.4037303361733841,0.25862568860539287,3.0
95.0,42.0,55.0,46.0,MULE,2013Q4,39,55,0.4421052631578947,0.3192234413476816,53.0,0.3987642585551331,0.25862568860539287,4.0
270.0,118.0,187.0,108.0,MULE,2014Q1,40,56,0.43703703703703706,0.31197172276010443,46.0,0.4150596565281773,0.25862568860539287,5.0
145.0,39.0,64.0,95.0,MULE,2014Q2,41,57,0.2689655172413793,0.07149165437312822,108.0,0.40971143892339545,0.25862568860539287,6.0
164.0,55.0,104.0,58.0,MULE,2014Q3,42,58,0.3353658536585366,0.166498574414847,95.0,0.40657315605915234,0.25862568860539287,7.0
224.0,75.0,128.0,99.0,MULE,2014Q4,43,59,0.33482142857142855,0.16571960018805051,58.0,0.4064237884462603,0.25862568860539287,8.0
146.0,38.0,65.0,98.0,MULE,2015Q1,44,60,0.2602739726027397,0.05905561969200142,99.0,0.40146341463414636,0.25862568860539287,9.0
173.0,56.0,87.0,98.0,MULE,2015Q2,45,61,0.3236994219653179,0.14980601225542695,98.0,0.3981234618539787,0.25862568860539287,10.0
137.0,31.0,63.0,74.0,MULE,2015Q3,46,62,0.22627737226277372,0.0104126087605862,98.0,0.3940420603925144,0.25862568860539287,11.0
124.0,37.0,71.0,73.0,MULE,2015Q4,47,63,0.29838709677419356,0.11358863467476554,74.0,0.3894321617535903,0.25862568860539287,12.0
170.0,71.0,128.0,72.0,MULE,2016Q1,48,64,0.4176470588235294,0.2842281568515229,73.0,0.38847800700661733,0.25862568860539287,13.0
691.0,246.0,376.0,132.0,MULE,2016Q2,49,65,0.35600578871201155,0.19603060339392117,72.0,0.43391638635271507,0.25862568860539287,14.0
567.0,173.0,317.0,158.0,MULE,2016Q3,50,66,0.30511463844797176,0.12321453490910264,132.0,0.4511717730570489,0.25862568860539287,15.0
334.0,154.0,232.0,170.0,MULE,2016Q4,51,67,0.46107784431137727,0.34636978725336576,158.0,0.46069192435471507,0.25862568860539287,16.0
562.0,256.0,402.0,180.0,MULE,2017Q1,52,68,0.4555160142348754,0.33841181032318707,170.0,0.48579239616975467,0.25862568860539287,17.0
594.0,178.0,358.0,292.0,MULE,2017Q2,53,69,0.2996632996632997,0.11541465111360659,180.0,0.49294967028957176,0.25862568860539287,18.0
528.0,204.0,377.0,222.0,MULE,2017Q3,54,70,0.38636363636363635,0.23946721471403115,292.0,0.501486300961022,0.25862568860539287,19.0
313.0,84.0,185.0,258.0,MULE,2017Q4,55,71,0.268370607028754,0.07064044502611827,222.0,0.49736421725239616,0.25862568860539287,20.0
202.0,56.0,140.0,150.0,MULE,2018Q1,56,72,0.27722772277227725,0.08331338213231816,258.0,0.4932324533870772,0.25862568860539287,21.0
193.0,23.0,54.0,13.0,MULE,2018Q2,57,73,0.11917098445595854,0.0,150.0,0.4929938427483048,0.25862568860539287,22.0
76.0,38.0,73.0,0.0,MULE,2018Q3,58,74,0.5,0.40206038059808286,13.0,0.4899333413372448,0.25862568860539287,23.0
558.0,92.0,125.0,0.0,MULE,2018Q4,59,75,0.16487455197132617,0.0,0.0,0.4865977837675951,0.25862568860539287,24.0
61.0,6.0,7.0,0.0,MULE,2019Q1,60,76,0.09836065573770492,0.0,0.0,0.4923815824940577,0.25862568860539287,25.0
201.0,84.0,127.0,0.0,MULE,2019Q2,61,77,0.417910447761194,0.2846050189743798,0.0,0.4884947177301763,0.25862568860539287,26.0
8.0,4.0,4.0,0.0,MULE,2019Q3,62,78,0.5,0.40206038059808286,0.0,0.49488854673824084,0.25862568860539287,27.0
3.0,1.0,3.0,1.0,MULE,2019Q4,63,79,0.3333333333333333,0.16359040396814048,0.0,0.5023478450786255,0.25862568860539287,28.0
2.0,1.0,2.0,0.0,MULE,2020Q1,64,80,0.5,0.40206038059808286,1.0,0.5095689172545068,0.25862568860539287,29.0
6.0,2.0,5.0,1.0,MULE,2020Q2,65,81,0.3333333333333333,0.16359040396814048,0.0,0.5161433949621322,0.25862568860539287,30.0
71.0,12.0,55.0,0.0,MULE,2020Q3,66,82,0.16901408450704225,0.0,1.0,0.5187659845163859,0.25862568860539287,31.0
52.0,5.0,7.0,75.0,NEXUS,2008Q2,0,33,0.09615384615384616,0.0,,0.0,0.2838258164852255,45.0
527.0,55.0,266.0,392.0,NEXUS,2008Q3,1,34,0.10436432637571158,0.0,75.0,0.41666666666666674,0.2838258164852255,44.0
383.0,39.0,179.0,234.0,NEXUS,2008Q4,2,35,0.10182767624020887,0.0,392.0,0.33670033670033667,0.2838258164852255,43.0
401.0,44.0,165.0,297.0,NEXUS,2009Q1,3,36,0.10972568578553615,0.0,234.0,0.27097902097902093,0.2838258164852255,42.0
271.0,25.0,158.0,152.0,NEXUS,2009Q2,4,37,0.09225092250922509,0.0,297.0,0.2833333333333334,0.2838258164852255,41.0
451.0,41.0,237.0,191.0,NEXUS,2009Q3,5,38,0.09090909090909091,0.0,152.0,0.24641148325358855,0.2838258164852255,40.0
200.0,16.0,92.0,174.0,NEXUS,2009Q4,6,39,0.08,0.0,191.0,0.28190476190476194,0.2838258164852255,39.0
142.0,13.0,61.0,135.0,NEXUS,2010Q1,7,40,0.09154929577464789,0.0,174.0,0.3119747899159664,0.2838258164852255,38.0
87.0,12.0,40.0,124.0,NEXUS,2010Q2,8,41,0.13793103448275862,0.016111154749125153,135.0,0.3333333333333333,0.2838258164852255,37.0
71.0,7.0,20.0,140.0,NEXUS,2010Q3,9,42,0.09859154929577464,0.0,124.0,0.366147859922179,0.2838258164852255,36.0
170.0,18.0,82.0,106.0,NEXUS,2010Q4,10,43,0.10588235294117647,0.0,140.0,0.36099173553719005,0.2838258164852255,35.0
105.0,6.0,19.0,126.0,NEXUS,2011Q1,11,44,0.05714285714285714,0.0,106.0,0.3864175563463819,0.2838258164852255,34.0
125.0,12.0,45.0,123.0,NEXUS,2011Q2,12,45,0.096,0.0,126.0,0.3875032817012339,0.2838258164852255,33.0
114.0,28.0,43.0,114.0,NEXUS,2011Q3,13,46,0.24561403508771928,0.1523842509335854,123.0,0.3740542946150423,0.2838258164852255,32.0
162.0,17.0,51.0,88.0,NEXUS,2011Q4,14,47,0.10493827160493827,0.0,114.0,0.3668639053254438,0.2838258164852255,31.0
163.0,14.0,42.0,173.0,NEXUS,2012Q1,15,48,0.08588957055214724,0.0,88.0,0.36328125,0.2838258164852255,30.0
100.0,13.0,29.0,66.0,NEXUS,2012Q2,16,49,0.13,0.006074411541381821,173.0,0.36035455278001605,0.2838258164852255,29.0
1105.0,198.0,481.0,81.0,NEXUS,2012Q3,17,50,0.17918552036199095,0.06831880582383068,66.0,0.516775212157095,0.2838258164852255,28.0
144.0,12.0,67.0,90.0,NEXUS,2012Q4,18,51,0.08333333333333333,0.0,81.0,0.51441647597254,0.2838258164852255,27.0
116.0,25.0,66.0,97.0,NEXUS,2013Q1,19,52,0.21551724137931033,0.11429668612922082,90.0,0.5025000000000001,0.2838258164852255,26.0
135.0,14.0,32.0,82.0,NEXUS,2013Q2,20,53,0.1037037037037037,0.0,97.0,0.4974406700791066,0.2838258164852255,25.0
358.0,94.0,165.0,79.0,NEXUS,2013Q3,21,54,0.26256983240223464,0.1738418532045492,82.0,0.5124550590652285,0.2838258164852255,24.0
155.0,28.0,69.0,120.0,NEXUS,2013Q4,22,55,0.18064516129032257,0.07016598492827464,79.0,0.501890359168242,0.2838258164852255,23.0
121.0,12.0,28.0,92.0,NEXUS,2014Q1,23,56,0.09917355371900827,0.0,120.0,0.5008912655971479,0.2838258164852255,22.0
134.0,28.0,60.0,77.0,NEXUS,2014Q2,24,57,0.208955223880597,0.10599243720652617,92.0,0.49082474226804124,0.2838258164852255,21.0
176.0,26.0,52.0,129.0,NEXUS,2014Q3,25,58,0.14772727272727273,0.028508317802167463,77.0,0.4813926721657395,0.2838258164852255,20.0
175.0,35.0,78.0,93.0,NEXUS,2014Q4,26,59,0.2,0.0946595798532017,129.0,0.4720562856763574,0.2838258164852255,19.0
246.0,39.0,79.0,191.0,NEXUS,2015Q1,27,60,0.15853658536585366,0.04218752893679271,93.0,0.4630626223091977,0.2838258164852255,18.0
383.0,58.0,135.0,245.0,NEXUS,2015Q2,28,61,0.1514360313315927,0.03320176073347608,191.0,0.45994240567082634,0.2838258164852255,17.0
149.0,16.0,42.0,125.0,NEXUS,2015Q3,29,62,0.10738255033557047,0.0,245.0,0.4575438596491228,0.2838258164852255,16.0
134.0,23.0,43.0,86.0,NEXUS,2015Q4,30,63,0.17164179104477612,0.058772198234340774,125.0,0.4514139840201571,0.2838258164852255,15.0
118.0,9.0,15.0,115.0,NEXUS,2016Q1,31,64,0.07627118644067797,0.0,86.0,0.45595723014256617,0.2838258164852255,14.0
106.0,3.0,11.0,105.0,NEXUS,2016Q2,32,65,0.02830188679245283,0.0,115.0,0.4680510690662975,0.2838258164852255,13.0
56.0,6.0,13.0,57.0,NEXUS,2016Q3,33,66,0.10714285714285714,0.0,105.0,0.4751291031044103,0.2838258164852255,12.0
76.0,10.0,25.0,76.0,NEXUS,2016Q4,34,67,0.13157894736842105,0.008072573232625967,57.0,0.4768945340373912,0.2838258164852255,11.0
104.0,11.0,24.0,99.0,NEXUS,2017Q1,35,68,0.10576923076923077,0.0,76.0,0.4772178304787001,0.2838258164852255,10.0
98.0,8.0,16.0,86.0,NEXUS,2017Q2,36,69,0.08163265306122448,0.0,99.0,0.4805511393746688,0.2838258164852255,9.0
81.0,15.0,28.0,65.0,NEXUS,2017Q3,37,70,0.18518518518518517,0.07591139608350435,86.0,0.4774218154080854,0.2838258164852255,8.0
86.0,27.0,31.0,72.0,NEXUS,2017Q4,38,71,0.313953488372093,0.23886799338407133,65.0,0.4706649282920469,0.2838258164852255,7.0
79.0,10.0,17.0,109.0,NEXUS,2018Q1,39,72,0.12658227848101267,0.001749276741347366,72.0,0.47150186567164176,0.2838258164852255,6.0
150.0,28.0,39.0,93.0,NEXUS,2018Q2,40,73,0.18666666666666668,0.07778621446047429,109.0,0.4649223946784923,0.2838258164852255,5.0
125.0,18.0,38.0,75.0,NEXUS,2018Q3,41,74,0.144,0.023791445203745796,93.0,0.46085697248487945,0.2838258164852255,4.0
126.0,17.0,39.0,82.0,NEXUS,2018Q4,42,75,0.1349206349206349,0.012301486864888519,75.0,0.4571252945394939,0.2838258164852255,3.0
147.0,11.0,28.0,91.0,NEXUS,2019Q1,43,76,0.07482993197278912,0.0,82.0,0.4569649373314295,0.2838258164852255,2.0
92.0,17.0,26.0,92.0,NEXUS,2019Q2,44,77,0.18478260869565216,0.07540193456802345,91.0,0.45319575809687584,0.2838258164852255,1.0
102.0,26.0,37.0,69.0,NEXUS,2019Q3,45,78,0.2549019607843137,0.16413814323502116,92.0,0.44759937104618425,0.2838258164852255,0.0
73.0,14.0,24.0,57.0,NEXUS,2019Q4,46,79,0.1917808219178082,0.0842581902275476,69.0,0.44537592189738423,0.2838258164852255,1.0
93.0,19.0,28.0,87.0,NEXUS,2020Q1,47,80,0.20430107526881722,0.10010260094763004,57.0,0.44128477905073654,0.2838258164852255,2.0
107.0,37.0,45.0,115.0,NEXUS,2020Q2,48,81,0.34579439252336447,0.2791627341475126,87.0,0.4373733607819617,0.2838258164852255,3.0
136.0,26.0,44.0,107.0,NEXUS,2020Q3,49,82,0.19117647058823528,0.0834933821668379,115.0,0.432295719844358,0.2838258164852255,4.0
23.0,1.0,5.0,26.0,NEXUS,2020Q4,50,83,0.043478260869565216,0.0,107.0,0.4423200073186351,0.2838258164852255,5.0
88.0,6.0,44.0,51.0,SERVER,2009Q2,0,37,0.06818181818181818,0.001039521427871089,,0.0,0.07810562856434417,25.0
153.0,9.0,101.0,64.0,SERVER,2009Q3,1,38,0.058823529411764705,0.0,51.0,0.10000000000000009,0.07810562856434417,24.0
155.0,11.0,83.0,89.0,SERVER,2009Q4,2,39,0.07096774193548387,0.007050144413125885,64.0,0.1282051282051282,0.07810562856434417,23.0
278.0,25.0,121.0,187.0,SERVER,2010Q1,3,40,0.08992805755395683,0.04795697422644411,89.0,0.2892156862745098,0.07810562856434417,22.0
254.0,22.0,127.0,181.0,SERVER,2010Q2,4,41,0.08661417322834646,0.04080727773106026,187.0,0.2794520547945206,0.07810562856434417,21.0
353.0,11.0,132.0,284.0,SERVER,2010Q3,5,42,0.031161473087818695,0.0,181.0,0.2658730158730158,0.07810562856434417,20.0
248.0,19.0,99.0,214.0,SERVER,2010Q4,6,43,0.07661290322580645,0.01922956467272147,284.0,0.2524271844660194,0.07810562856434417,19.0
369.0,15.0,103.0,339.0,SERVER,2011Q1,7,44,0.04065040650406504,0.0,214.0,0.23940677966101698,0.07810562856434417,18.0
303.0,28.0,128.0,222.0,SERVER,2011Q2,8,45,0.0924092409240924,0.05331012065607837,339.0,0.25266362252663627,0.07810562856434417,17.0
461.0,27.0,169.0,317.0,SERVER,2011Q3,9,46,0.05856832971800434,0.0,222.0,0.24913294797687868,0.07810562856434417,16.0
405.0,28.0,129.0,315.0,SERVER,2011Q4,10,47,0.0691358024691358,0.0030977399549857233,317.0,0.24332881049298957,0.07810562856434417,15.0
491.0,19.0,146.0,488.0,SERVER,2012Q1,11,48,0.038696537678207736,0.0,315.0,0.2333333333333334,0.07810562856434417,14.0
517.0,23.0,131.0,444.0,SERVER,2012Q2,12,49,0.04448742746615087,0.0,488.0,0.22285533396644502,0.07810562856434417,13.0
564.0,26.0,144.0,533.0,SERVER,2012Q3,13,50,0.04609929078014184,0.0,444.0,0.21481678173127985,0.07810562856434417,12.0
591.0,46.0,215.0,447.0,SERVER,2012Q4,14,51,0.077834179357022,0.021864464632194148,533.0,0.25058201058201063,0.07810562856434417,11.0
781.0,68.0,254.0,611.0,SERVER,2013Q1,15,52,0.08706786171574904,0.04178610941909194,447.0,0.30825718015665793,0.07810562856434417,10.0
560.0,54.0,224.0,438.0,SERVER,2013Q2,16,53,0.09642857142857143,0.06198181537987365,611.0,0.32278906986135414,0.07810562856434417,9.0
634.0,60.0,231.0,459.0,SERVER,2013Q3,17,54,0.0946372239747634,0.058116988079316916,438.0,0.335010060362173,0.07810562856434417,8.0
1018.0,73.0,320.0,760.0,SERVER,2013Q4,18,55,0.07170923379174853,0.008649911093308644,459.0,0.3521698984302863,0.07810562856434417,7.0
1103.0,66.0,352.0,684.0,SERVER,2014Q1,19,56,0.05983680870353581,0.0,760.0,0.3550314465408805,0.07810562856434417,6.0
728.0,59.0,281.0,468.0,SERVER,2014Q2,20,57,0.08104395604395605,0.028789549177898825,684.0,0.350942103460089,0.07810562856434417,5.0
803.0,70.0,385.0,439.0,SERVER,2014Q3,21,58,0.08717310087173101,0.04201316261430645,468.0,0.3507427213309566,0.07810562856434417,4.0
997.0,56.0,388.0,697.0,SERVER,2014Q4,22,59,0.05616850551654965,0.0,439.0,0.34369538738547906,0.07810562856434417,3.0
1013.0,72.0,331.0,612.0,SERVER,2015Q1,23,60,0.07107601184600197,0.007283736453078754,697.0,0.34187196715192236,0.07810562856434417,2.0
1109.0,137.0,581.0,563.0,SERVER,2015Q2,24,61,0.12353471596032461,0.12046324910533925,612.0,0.37755339805825244,0.07810562856434417,1.0
1323.0,154.0,653.0,709.0,SERVER,2015Q3,25,62,0.1164021164021164,0.10507468479421016,563.0,0.40741943866943875,0.07810562856434417,0.0
1136.0,78.0,493.0,673.0,SERVER,2015Q4,26,63,0.06866197183098592,0.002075451631037534,709.0,0.4007747842930094,0.07810562856434417,1.0
1124.0,84.0,463.0,638.0,SERVER,2016Q1,27,64,0.07473309608540925,0.015173885836913164,673.0,0.39556357461260877,0.07810562856434417,2.0
1130.0,114.0,605.0,518.0,SERVER,2016Q2,28,65,0.10088495575221239,0.0715964525398325,638.0,0.3986773736419461,0.07810562856434417,3.0
1366.0,143.0,740.0,667.0,SERVER,2016Q3,29,66,0.10468521229868229,0.07979549579003718,518.0,0.4073404034102724,0.07810562856434417,4.0
1009.0,61.0,453.0,493.0,SERVER,2016Q4,30,67,0.06045589692765114,0.0,667.0,0.39919354838709675,0.07810562856434417,5.0
958.0,94.0,525.0,386.0,SERVER,2017Q1,31,68,0.09812108559498957,0.06563341012942733,493.0,0.39437571103526736,0.07810562856434417,6.0
1132.0,134.0,677.0,462.0,SERVER,2017Q2,32,69,0.11837455830388692,0.10933022287785761,386.0,0.396886411685566,0.07810562856434417,7.0
1305.0,164.0,773.0,579.0,SERVER,2017Q3,33,70,0.12567049808429118,0.1250711932778667,462.0,0.4048409246967269,0.07810562856434417,8.0
1075.0,79.0,537.0,545.0,SERVER,2017Q4,34,71,0.07348837209302325,0.012488397180201049,579.0,0.3976446972231515,0.07810562856434417,9.0
1527.0,194.0,1005.0,558.0,SERVER,2018Q1,35,72,0.12704649639816634,0.12803990592916126,545.0,0.40991603454033687,0.07810562856434417,10.0
1598.0,145.0,913.0,696.0,SERVER,2018Q2,36,73,0.09073842302878599,0.04970533555293612,558.0,0.4087264305534314,0.07810562856434417,11.0
1523.0,177.0,881.0,577.0,SERVER,2018Q3,37,74,0.11621799080761655,0.10467743432063978,696.0,0.41218805217494886,0.07810562856434417,12.0
1321.0,145.0,779.0,499.0,SERVER,2018Q4,38,75,0.10976532929598788,0.09075583451130059,577.0,0.4090092072924691,0.07810562856434417,13.0
1500.0,172.0,961.0,548.0,SERVER,2019Q1,39,76,0.11466666666666667,0.10133045667026234,499.0,0.4090801886792453,0.07810562856434417,14.0
1758.0,188.0,1131.0,540.0,SERVER,2019Q2,40,77,0.10693970420932879,0.08465955600718203,548.0,0.41060001854771394,0.07810562856434417,15.0
1532.0,129.0,927.0,565.0,SERVER,2019Q3,41,78,0.08420365535248042,0.035606591914736654,540.0,0.4053852286728999,0.07810562856434417,16.0
1629.0,187.0,1072.0,513.0,SERVER,2019Q4,42,79,0.11479435236341314,0.10160593821664095,565.0,0.405342407030329,0.07810562856434417,17.0
1909.0,181.0,1134.0,711.0,SERVER,2020Q1,43,80,0.09481403876375065,0.05849846550971032,513.0,0.40364706467909317,0.07810562856434417,18.0
1870.0,137.0,1057.0,761.0,SERVER,2020Q2,44,81,0.0732620320855615,0.012000069224512638,711.0,0.39835825271181474,0.07810562856434417,19.0
1699.0,195.0,1091.0,649.0,SERVER,2020Q3,45,82,0.11477339611536198,0.10156072516798702,761.0,0.39782335933664287,0.07810562856434417,20.0
434.0,48.0,292.0,149.0,SERVER,2020Q4,46,83,0.11059907834101383,0.09255464582743024,649.0,0.3983729972408481,0.07810562856434417,21.0
0.0,0.0,0.0,2.0,TIMOB,2011Q1,0,44,,,,0.0,0.376657824933687,35.0
2774.0,63.0,334.0,3688.0,TIMOB,2011Q2,1,45,0.022710886806056235,0.0,2.0,0.5,0.376657824933687,34.0
441.0,22.0,152.0,566.0,TIMOB,2011Q3,2,46,0.049886621315192746,0.0,3688.0,0.49411764705882355,0.376657824933687,33.0
739.0,45.0,214.0,729.0,TIMOB,2011Q4,3,47,0.06089309878213803,0.0,566.0,0.4076923076923077,0.376657824933687,32.0
980.0,50.0,138.0,1087.0,TIMOB,2012Q1,4,48,0.05102040816326531,0.0,729.0,0.34222222222222226,0.376657824933687,31.0
800.0,77.0,205.0,792.0,TIMOB,2012Q2,5,49,0.09625,0.0,1087.0,0.3326848249027237,0.376657824933687,30.0
1164.0,94.0,332.0,752.0,TIMOB,2012Q3,6,50,0.08075601374570447,0.0,792.0,0.33374033374033374,0.376657824933687,29.0
620.0,49.0,160.0,657.0,TIMOB,2012Q4,7,51,0.07903225806451612,0.0,752.0,0.30874999999999997,0.376657824933687,28.0
827.0,109.0,326.0,560.0,TIMOB,2013Q1,8,52,0.13180169286577992,0.0,657.0,0.3187077057411045,0.376657824933687,27.0
688.0,40.0,179.0,654.0,TIMOB,2013Q2,9,53,0.05813953488372093,0.0,560.0,0.314207650273224,0.376657824933687,26.0
780.0,73.0,205.0,510.0,TIMOB,2013Q3,10,54,0.09358974358974359,0.0,654.0,0.2964045600701549,0.376657824933687,25.0
574.0,54.0,146.0,474.0,TIMOB,2013Q4,11,55,0.09407665505226481,0.0,510.0,0.2825443786982249,0.376657824933687,24.0
417.0,34.0,126.0,361.0,TIMOB,2014Q1,12,56,0.0815347721822542,0.0,474.0,0.2873239436619718,0.376657824933687,23.0
418.0,53.0,120.0,305.0,TIMOB,2014Q2,13,57,0.12679425837320574,0.0,361.0,0.27476128065905264,0.376657824933687,22.0
375.0,29.0,92.0,340.0,TIMOB,2014Q3,14,58,0.07733333333333334,0.0,305.0,0.2831649831649832,0.376657824933687,21.0
252.0,32.0,90.0,249.0,TIMOB,2014Q4,15,59,0.12698412698412698,0.0,340.0,0.28564927184466016,0.376657824933687,20.0
330.0,55.0,150.0,214.0,TIMOB,2015Q1,16,60,0.16666666666666666,0.0,249.0,0.27464364585424617,0.376657824933687,19.0
380.0,73.0,169.0,191.0,TIMOB,2015Q2,17,61,0.19210526315789472,0.0,214.0,0.26774042950513544,0.376657824933687,18.0
351.0,52.0,115.0,296.0,TIMOB,2015Q3,18,62,0.14814814814814814,0.0,191.0,0.25885929964353116,0.376657824933687,17.0
325.0,45.0,109.0,264.0,TIMOB,2015Q4,19,63,0.13846153846153847,0.0,296.0,0.25324118207816965,0.376657824933687,16.0
255.0,42.0,91.0,273.0,TIMOB,2016Q1,20,64,0.16470588235294117,0.0,264.0,0.24931255728689278,0.376657824933687,15.0
307.0,36.0,104.0,244.0,TIMOB,2016Q2,21,65,0.11726384364820847,0.0,273.0,0.24897152536904085,0.376657824933687,14.0
640.0,140.0,276.0,222.0,TIMOB,2016Q3,22,66,0.21875,0.0,244.0,0.2788511032565801,0.376657824933687,13.0
273.0,30.0,65.0,192.0,TIMOB,2016Q4,23,67,0.10989010989010989,0.0,222.0,0.2820932922127987,0.376657824933687,12.0
231.0,25.0,60.0,163.0,TIMOB,2017Q1,24,68,0.10822510822510822,0.0,192.0,0.2884720121028744,0.376657824933687,11.0
1563.0,97.0,258.0,230.0,TIMOB,2017Q2,25,69,0.062060140754958415,0.0,163.0,0.291293977340489,0.376657824933687,10.0
514.0,46.0,92.0,305.0,TIMOB,2017Q3,26,70,0.08949416342412451,0.0,230.0,0.28603210719251676,0.376657824933687,9.0
287.0,37.0,83.0,189.0,TIMOB,2017Q4,27,71,0.1289198606271777,0.0,305.0,0.2842876165113183,0.376657824933687,8.0
195.0,25.0,45.0,156.0,TIMOB,2018Q1,28,72,0.1282051282051282,0.0,189.0,0.28936612243976245,0.376657824933687,7.0
258.0,47.0,97.0,113.0,TIMOB,2018Q2,29,73,0.1821705426356589,0.0,156.0,0.28403218975010586,0.376657824933687,6.0
271.0,42.0,88.0,131.0,TIMOB,2018Q3,30,74,0.15498154981549817,0.0,113.0,0.2800622804215906,0.376657824933687,5.0
250.0,53.0,104.0,131.0,TIMOB,2018Q4,31,75,0.212,0.0,131.0,0.2746217795086878,0.376657824933687,4.0
166.0,21.0,64.0,141.0,TIMOB,2019Q1,32,76,0.12650602409638553,0.0,131.0,0.2816209431594047,0.376657824933687,3.0
171.0,19.0,37.0,140.0,TIMOB,2019Q2,33,77,0.1111111111111111,0.0,141.0,0.2892472378067669,0.376657824933687,2.0
156.0,17.0,39.0,118.0,TIMOB,2019Q3,34,78,0.10897435897435898,0.0,140.0,0.2975004138387684,0.376657824933687,1.0
215.0,22.0,44.0,103.0,TIMOB,2019Q4,35,79,0.10232558139534884,0.0,118.0,0.3017734553775744,0.376657824933687,0.0
320.0,68.0,128.0,52.0,TIMOB,2020Q1,36,80,0.2125,0.0,103.0,0.29860697702107397,0.376657824933687,1.0
115.0,20.0,37.0,50.0,TIMOB,2020Q2,37,81,0.17391304347826086,0.0,52.0,0.30369223712876964,0.376657824933687,2.0
129.0,45.0,66.0,70.0,TIMOB,2020Q3,38,82,0.3488372093023256,0.15882791225166662,50.0,0.2991861939230361,0.376657824933687,3.0
23.0,4.0,8.0,28.0,TIMOB,2020Q4,39,83,0.17391304347826086,0.0,70.0,0.3140716180371353,0.376657824933687,4.0
