project,issue_key,issue_type,label,prob_design,threshold,pred,val_project,summary,description,gold_label,error_type,margin,error_category,notes
CONFSERVER,CONFSERVER-58007,Suggestion,1,0.406126,0.5773,0,MESOS,Provide a better error message when iCalendar plugin is disabled in Team Calendars & Jira integration,"""This suggestion is in relation to the Confluence & Jira integration with respect to Team Calendars.     If the Jira system plugin _iCal_ is disabled, the user will not have all features of the integration and will not understand why that is. It would be ideal if we detected that the plugin was disabled on the Jira side and delivered this message to the admin so that they could address it. """,design,FN,0.17117400000000005,,
CONFSERVER,CONFSERVER-60333,Suggestion,1,0.262064,0.5773,0,MESOS,"We would like to have reminders set for each individual events rather than, just each Event Types, like we have in Microsoft Outlook Calendar.","""h3. Issue Summary    We would like to have reminders set for each individual events rather than, just each *Event Types*, like we have in Microsoft Outlook Calendar. Maybe we can configure a global reminder for *event type*, and then separate reminder is also possible for each individual events created.  h3. Steps to Reproduce   # Create an Event with Event Type as default """"Events""""   # Navigate to the calendar and try to set reminder for the Event created (We don't have an option here and reminder can be set against the Event Types only)    h3. Expected Results    Once, an Event is created, we should be able to set reminder for each event individually.  h3. Actual Results    We can set the Reminder only for *Event Types* as a whole but not to each event created individually.  h3. Workaround    We can create multiple Custom Event Types, as a workaround, which will allow us to set reminder for each of them individually. But, yes that can be an extra work with lots of Custom Event types to manage. I have tried this and below is the screenshot for your quick reference:     !screenshot-1.png|thumbnail! """,design,FN,0.315236,,
CONFSERVER,CONFSERVER-60260,Suggestion,1,0.439063,0.5773,0,MESOS,Bulk edit of Confluence and Jira gadgets in Confluence,"""h3. Problem    Currently, there is no way of bulk editing multiple Confluence or Jira gadgets used in a Confluence page.    Example:   !image-1.png|width=359,height=143!!image-2.png|width=358,height=193!  h3. Suggested Solution    Implement things like  h3. Why This Is Important    It would be helpful for pages working as dashboards and using multiple gadgets to edit configuration or filters once and have all the gadgets automatically updated.""",design,FN,0.13823700000000005,,
CONFSERVER,CONFSERVER-60326,Suggestion,1,0.556982,0.5773,0,MESOS,Search in current location / space,"""If I am looking at a page I would like the option to do a search which searches only the current page / children. This would make the search feature 10x more useful on a day to day basis.    If I am looking at a space I would like the option to do a search which only searches the current space (without having to manually add the space name in the search screen after I've already done the search). This would prevent the extra (annoying) step of having to work out the space you were looking at and entering this manually on the search page.    This could easily be achieved in the UI by adding a couple of checkboxes next to the search box, for example: """"Current Space"""", """"Current Location"""" would be simple and contextual.""",design,FN,0.020318000000000058,,
CONFSERVER,CONFSERVER-60259,Suggestion,1,0.4336,0.5773,0,MESOS,Run XML export in sandbox process,"""h3. Problem Definition  XML export of space or site consumes a lot of computing resources and can affect the performance of other operation in Confluence.   e.g. Someone runs XML export of a huge space and it causes garbage collection ending up with an overall performance degradation.     h3.  Suggested Solution  Let the XML export run in the [External Process Pool for Confluence Data Center|https://confluence.<USER>doc/external-process-pool-for-confluence-data-center-958779098.html]""",design,FN,0.14370000000000005,,
CONFSERVER,CONFSERVER-58317,Suggestion,1,0.34652,0.5773,0,MESOS,Add support for Microsoft Stream to Widget Connector macro,"""h3. Summary    As a <USER> I would like to be able to use Microsoft Stream within Confluence pages.  h3. Problem Statement    Currently, the Widget Connector macro does not support Microsoft Stream. For a user to connect with Microsoft Stream, HTML or iFrame macro must be used. This type of custom solution can be limiting for Cloud users  h3. Suggested Resolution    Add support for Microsoft Streams into the native macro in Confluence, Widget Connector. This should allow any user within the instance to use the solution.  h3. Workaround    Insert an iFrame to show the content of said video:   [*iFrame Macro - Confluence Cloud*|https://confluence.<USER>confcloud/iframe-macro-950276528.html]   [*How to put an iFrame into Confluence - Confluence Server*|https://confluence.<USER>confkb/how-to-put-an-iframe-into-confluence-598837531.html]    Check this Microsoft Page on how to acquire the necessary information to share your videos:   [*Embed Microsoft Stream videos*|https://docs.microsoft.com/en-us/stream/portal-embed-video]                  _Previous Ticket Description_    We use Microsoft Stream for internal videos. Currently, there doesn't appear to be an easy way to embed these videos in a Confluence page.   Please consider adding support for Microsoft Stream to the Widget Connector macro to allow doing so.    Thanks!""",design,FN,0.23078000000000004,,
CONFSERVER,CONFSERVER-60295,Suggestion,0,0.60947,0.5773,1,MESOS,Better to add grid type of field in Jira instead of using third party plugins like idalko grid editor,"""As of now, we are using idalko grid editor plugin for grid type of fields and facing some report issue. Whereas if there is grid type of field in Jira , then there might not be a report values issue.""",non-design,FP,0.03216999999999992,,
CONFSERVER,CONFSERVER-60397,Suggestion,0,0.988865,0.5773,1,MESOS,API to copy page for server/dc hosted Confluence,"""Currently we don't have an API available to copy a page or page hierarchy using REST API for Confluence hosted on server/dc where the same is available for Confluence Cloud.  * [api-content-id-pagehierarchy-copy-post|https://developer.<USER>cloud/confluence/rest/api-group-content---children-and-descendants/#api-api-content-id-pagehierarchy-copy-post]    The request is for having an API for Confluence on server/dc""",non-design,FP,0.41156499999999996,,
CONFSERVER,CONFSERVER-60278,Suggestion,0,0.943614,0.5773,1,MESOS,Optimise permissions checking for a space,"""h1. Background    At the moment, if a space has permissions for 10 different groups, and Confluence needs to check is user has an access to the space, it call this method 10 times:    If there are a plenty of groups, each call would take some time, and users will notice the slowness of the system.  h1. Possible solutions  h2. Solution 1. We need a method in Crowd like:    It would improve performance, but it requires to change Crowd API.   h2. Solution 2. Retrieve all user groups only once    Another way (without modifying Crowd) is to retrieve all user’s groups first (Crowd allows to do this). And then check check user's groups against space groups without calling Crowd again.    The only problem could be if a user is a part of thousands of groups, but, fortunately, the result will be cached and used for any other space.    Here is the relevant stack-trace:  """,non-design,FP,0.3663139999999999,,
CONFSERVER,CONFSERVER-60398,Suggestion,0,0.768162,0.5773,1,MESOS,Notifying Space Creator while the space is archived by admin,"""Currently, there is no notifications sent to space creator if Confluence administrator archives that Space. It would be helpful if the Space owner/creator gets a notification once the space is archived. """,non-design,FP,0.19086199999999998,,
CONFSERVER,CONFSERVER-60305,Suggestion,0,0.840753,0.5773,1,MESOS,Improve the Onboarding page for new users,"""Due to the resolution of CONFSERVER-40215, the old onboarding page has been replaced for a simpler solution.    Some administrators would like to enable the old onboarding page again to new users or to have a new feature that contains videos or links explaining how to use Confluence.    The idea is having a video or more information that can show to new users usability features. For instance, a video showing how to create pages or how to edit pages.    """,non-design,FP,0.26345299999999994,,
CONFSERVER,CONFSERVER-60268,Suggestion,0,0.674173,0.5773,1,MESOS,Companion app - document edit resuming,"""Looking for files in the .atlassian-companion when files cannot be uploaded (lost connection, closed browser window, Word crashed, <USER> is not something a regular user would do. This is to complicated.    reference:    [https://confluence.<USER>confkb/how-to-access-confluence-files-edited-with-the-atlassian-companion-app-955178822.html]    The Companion app should know where the last version of the file was closed and if it should resume editing of that file next time the user wants to edit it.     Or even better, auto upload regularly (autosafe) to the Confluence page. One could then be asked to either open the autosaved version, the one on your computer (if the same user) or the latest uploaded. """,non-design,FP,0.09687299999999999,,
DM,DM-24914,Story,1,0.050937,0.3136,0,CONFSERVER,Check integer column types throughout Gen3 database schema,"""[~<USER> has discovered that the column type for the _max fields in the instrument table is not large enough for the values we use in obs_lsst - apparently we're not using a 64-bit type, and we never noticed because <sigh> SQLite doesn't care about types.    We should do full audit of all of our integer fields and make sure we chose appropriate sizes for all of them.  This may involve switching from just """"int"""" in the dimension configs to more precise types.  """,design,FN,0.262663,,
DM,DM-24648,Story,1,0.031752,0.3136,0,CONFSERVER,Validate that inputs match the right schema in alert stream simulator,"""Check that files passed in to the alert stream simulator match the expected avro schema.""",design,FN,0.281848,,
DM,DM-24182,Story,1,0.039237,0.3136,0,CONFSERVER,Deploy for DBB Buffer Mngrs v1.1 Gen2 for summit AuxTel (handoff and endpoint),"""Deploy for DBB Buffer Mngrs v1.1 Gen2 for summit AuxTel (handoff and endpoint)  This ticket had been created automatically Primavera ID: None""",design,FN,0.27436299999999997,,
DM,DM-24183,Story,1,0.037201,0.3136,0,CONFSERVER,Deploy for DBB Buffer Mngrs v1.1 Gen2 for summit ComCam (handoff and endpoint),"""Deploy for DBB Buffer Mngrs v1.1 Gen2 for summit ComCam (handoff and endpoint)  This ticket had been created automatically Primavera ID: None""",design,FN,0.276399,,
DM,DM-24185,Story,1,0.01582,0.3136,0,CONFSERVER,Deploy for DBB Buffer Mngrs v1.1 Gen2 for BOT images (endpoint only),"""Deploy for DBB Buffer Mngrs v1.1 Gen2 for BOT images (endpoint only)  This ticket had been created automatically Primavera ID: None""",design,FN,0.29778,,
DM,DM-24653,Story,1,0.129349,0.3136,0,CONFSERVER,Make a pip-installable script to send data to the alert stream simulator broker,"""Make a script which is pip-installable which can send data to the alert stream simulator broker. The script should just take a file and write it into the broker.""",design,FN,0.184251,,
DM,DM-27117,Improvement,0,0.319063,0.3136,1,CONFSERVER,Add dummy pipeline to ap_verify testing,"""Mock-based testing of {{pipeline_driver.py}} has run into several problems, including over-dependence on {{ctrl_mpexec}}. It would be cleaner to create  a mock pipeline whose tasks do no processing besides creating output datasets. Implement such a pipeline and use it in tests that currently try to mock the pipeline, its executor, or {{pipeline_driver}}.    Note that {{ap_verify}} currently does some run-time configuration of the AP pipeline (e.g., database location), so the mock pipeline needs to have at least some of the same configuration hooks as the real pipeline. Also, since tasks must be importable to be included in a pipeline, they will need to go somewhere in the main python directory of {{ap_verify}}.""",non-design,FP,0.005462999999999996,,
DM,DM-27178,Story,0,0.714701,0.3136,1,CONFSERVER,Standardize aliases on Gen 2 Exposure get,"""RFC-730 proposes a new filter system that will support only standardized names for each band or filter, but no aliases. While new aliases will no longer be introduced after DM-27167, old files may still use them in Gen 2 (Gen 3 will internally ensure that all names are standardized). To ensure that algorithmic code can safely assume standardized names in {{FilterLabel}} regardless of whether an input Exposure was loaded from Gen 2 or Gen 3, standardize the filter names in an Exposure when loading them from Gen 2.    Note that there is no standardization problem when using {{Filter}}; the problem will only emerge after {{Exposure}} starts using {{FilterLabel}} as the primary API.""",non-design,FP,0.40110100000000004,,
DM,DM-27114,Story,0,0.753649,0.3136,1,CONFSERVER,Move M1M3 GUI to salobj,"""M1M3 GUI uses ts_sal, the old Python binding. It will be better to replace that with ts_salobj, the new, currently preferred Python binding.""",non-design,FP,0.440049,,
DM,DM-27230,Story,0,0.504356,0.3136,1,CONFSERVER,Create interactive visualization of pipe_analysis plots,"""This ticket is to implement a highcharts page that will display the data from the pipe_analysis plots in an interactive Highcharts viewer, similar to the scarlet docs: https://<USER>github.io/scarlet/_static/measurements.html .    Since many of the plots will not require introspection, plots will be added one by as needed from analyzing the pipe_analysis plots. The UI will include a drop down (selection) box to select a plot that has been mapped, another to select the tract, and another to select the band. The inner +/- 2 sigma will be given by a density plot, with the outliers plotted and available for drill down.""",non-design,FP,0.19075600000000004,,
DM,DM-27189,Story,0,0.954286,0.3136,1,CONFSERVER,Dome Control Software Development Support,"""Support activities for the development of low level dome control software development by EIE contractor. The activities include organization and attendance to technical meetings, review of documentacion, enforce compliance to requirements of software implementations, plan timeline of deliverables, provide technical support and guidance during development.""",non-design,FP,0.640686,,
DM,DM-27179,Story,0,0.876758,0.3136,1,CONFSERVER,Standardize filter info in CameraMapper,"""All CameraMappers have a {{FilterDefinitionCollection}} that relates filter and band names, including aliases, for the corresponding instrument. However, there is no common API to this collection, making it usable only by a particular mapper subclass. Add an abstract property to {{obs.base.CameraMapper}} that exposes the collection to code that needs filter information in Gen 2.""",non-design,FP,0.563158,,
DNN,DNN-8059,Task,1,0.391881,0.6864,0,CONFSERVER,Remove oAuth 2 code from Platform,"""Based on the decision taken after reviewing the work done on that feature the team decided to remove for now the *oAuth* code implementation from Platform 8.0.0.    *Note for DEV*:  * Create a feature/oauth2 branch so we keep a copy of the oauth2 code updated at the today date  * Remove any bit:  ** c# classes, csprojects, review any Platform solutions as well  ** new sql sprocs, functions, tables, fields""",design,FN,0.29451900000000003,,
DNN,DNN-10717,Improvement,1,0.081938,0.6864,0,CONFSERVER,Implement AXD resources minification/compression,"""As reported by some third part developers, implementing AXD resources compression will speed up the page load time noticeably. This process is described here: [Optimize WebResource.axd and ScriptResource.axd|https://madskristensen.net/blog/optimize-webresourceaxd-and-scriptresourceaxd/]  It would be good for performance to implement this (or something similar) in DNN and measure the impact on the performance.""",design,FN,0.604462,,
DNN,DNN-10748,Improvement,1,0.132281,0.6864,0,CONFSERVER,CROSSORIGIN attribute support for loading JS/CSS via CDF,"""Allow developers to specify the crossorigin attribute when loading <script> elements using the CDF.    When applied to <script> elements being loaded from a different origin, the crossorigin attribute allows for easier debugging:    {quote}Normal script elements pass minimal information to the window.onerror for scripts which do not pass the standard CORS checks. To allow error logging for sites which use a separate domain for static media, use this attribute. See CORS settings attributes for a more descriptive explanation of its valid arguments.  {quote}    When applied to <link> elements, it indicates whether CORS must be used when fetching the related resource.    See:   * https://developer.mozilla.org/en-US/docs/Web/HTML/Element/script#attr-crossorigin  * https://developer.mozilla.org/en-US/docs/Web/HTML/Element/link#attr-crossorigin   * https://developer.mozilla.org/en-US/docs/Web/HTML/CORS_settings_attributes    A good example in the wild is loading Bootstrap 4.x from the official CDN. The example code is:    {code:html}  <link rel=""""stylesheet"""" href=""""https://maxcdn.bootstrapcdn.com/bootstrap/4.0.0/css/bootstrap.min.css"""" integrity=""""sha384-Gn5384xqQ1aoWXA+058RXPxPg6fy4IWvTNh0E263XmFcJlSAwiGgFAW/dAiS6JXm"""" crossorigin=""""anonymous"""">  <script src=""""https://code.jquery.com/jquery-3.2.1.slim.min.js"""" integrity=""""sha384-KJ3o2DKtIkvYIK3UENzmM7KCkRr/rE9/Qpg6aAZGJwFDMVNA/GpGFF93hXpG5KkN"""" crossorigin=""""anonymous""""></script>  <script src=""""https://cdnjs.cloudflare.com/ajax/libs/popper.js/1.12.9/umd/popper.min.js"""" integrity=""""sha384-ApNbgh9B+Y1QKtv3Rn7W3mgPxhU9K/ScQsAP7hUibX39j7fakFPskvXusvfa0b4Q"""" crossorigin=""""anonymous""""></script>  <script src=""""https://maxcdn.bootstrapcdn.com/bootstrap/4.0.0/js/bootstrap.min.js"""" integrity=""""sha384-JZR6Spejh4U02d8jOt6vLEHfe/JQGiRRSQQxSfFWpi1MquVdAyjUar5+76PVCmYl"""" crossorigin=""""anonymous""""></script>  {code}""",design,FN,0.554119,,
DNN,DNN-8513,Improvement,1,0.504741,0.6864,0,CONFSERVER,Create a new extension point in the DNN core at the Database Connection Level.,"""I would like the ability to break away from using the standard SqlConnection, and switch to using ReliableSqlConnection for Azure sites. I would also like the ability to set up retry policies when performing database operations.    I have/will be including a code fix that adds a new extension point at the database connection layer. We can then use a custom database connection that will allow us to use ReliableSqlConnection and the RetryManager functionality that Azure provides, without having to bring those things into the DNN Core.    I have created an AzureSqlConnection Provider to test this functionality, which can be found here: [https://github.com/JoshuaBradley/DnnAzureSqlConnectionProvider].""",design,FN,0.18165900000000001,,
DNN,DNN-10768,Improvement,1,0.342445,0.6864,0,CONFSERVER,Subresource Integrity (SRI) support for loading JS/CSS via CDF,"""Allow developers to specify the crossorigin attribute when loading <script> elements using the CDF.    When applied to <script> elements being loaded from a different origin, the crossorigin attribute allows for easier debugging:    {quote}Normal script elements pass minimal information to the window.onerror for scripts which do not pass the standard CORS checks. To allow error logging for sites which use a separate domain for static media, use this attribute. See CORS settings attributes for a more descriptive explanation of its valid arguments.  {quote}    When applied to <link> elements, it indicates whether CORS must be used when fetching the related resource.    See:   * https://developer.mozilla.org/en-US/docs/Web/HTML/Element/script#attr-crossorigin  * https://developer.mozilla.org/en-US/docs/Web/HTML/Element/link#attr-crossorigin   * https://developer.mozilla.org/en-US/docs/Web/HTML/CORS_settings_attributes    A good example in the wild is loading Bootstrap 4.x from the official CDN. The example code is:    {code:html}  <link rel=""""stylesheet"""" href=""""https://maxcdn.bootstrapcdn.com/bootstrap/4.0.0/css/bootstrap.min.css"""" integrity=""""sha384-Gn5384xqQ1aoWXA+058RXPxPg6fy4IWvTNh0E263XmFcJlSAwiGgFAW/dAiS6JXm"""" crossorigin=""""anonymous"""">  <script src=""""https://code.jquery.com/jquery-3.2.1.slim.min.js"""" integrity=""""sha384-KJ3o2DKtIkvYIK3UENzmM7KCkRr/rE9/Qpg6aAZGJwFDMVNA/GpGFF93hXpG5KkN"""" crossorigin=""""anonymous""""></script>  <script src=""""https://cdnjs.cloudflare.com/ajax/libs/popper.js/1.12.9/umd/popper.min.js"""" integrity=""""sha384-ApNbgh9B+Y1QKtv3Rn7W3mgPxhU9K/ScQsAP7hUibX39j7fakFPskvXusvfa0b4Q"""" crossorigin=""""anonymous""""></script>  <script src=""""https://maxcdn.bootstrapcdn.com/bootstrap/4.0.0/js/bootstrap.min.js"""" integrity=""""sha384-JZR6Spejh4U02d8jOt6vLEHfe/JQGiRRSQQxSfFWpi1MquVdAyjUar5+76PVCmYl"""" crossorigin=""""anonymous""""></script>  {code}""",design,FN,0.343955,,
DNN,DNN-10753,Improvement,1,0.006993,0.6864,0,CONFSERVER,How should tag filter work?,"""In Advance Page Search how should tag filter work ('AND'/'OR').   Tag1 Belongs to Page1, Tag2 belongs Page2.   Search keyword is 'Tag1, Tag2' what should be result:   'Page1 And Page2' OR 'None'?  """,design,FN,0.679407,,
DNN,DNN-10701,Improvement,0,0.90693,0.6864,1,CONFSERVER,Configure all modules to extend eslint-config-dnn,"""Eslint is technology to validate and verify javascript programs for potential errors or pattern compliance.    Today, all Javascript modules have its configuration making difficult to have a common Javascript validation across all projects.    There is a module, eslint-config-dnn that is a central component that has all the rules we have to comply. This issue is to extend this configuration and make all fixes suggested by eslint on Admin-Pages.""",non-design,FP,0.22053,,
DNN,DNN-10822,Improvement,0,0.857095,0.6864,1,CONFSERVER,Page Icons,"""We use to be able to set page icons for pages.  It would be nice to be able to do this again and also maybe even be able to choose from those available from bootstrap versions or any added icons such as font awesome!    Of coarse I can make my own menus that can do this however I use to like adding icons to pages and now that feature is unavailable from what I can tell.    When/If you add this feature again just added a suggestion.    It would be cool to add this to the WYSIWYG editor as well.  The ability to use the free icons and see them to add to posts for easy fun.  It would also be cool to add your own iconsets that you create uploading them as you create them and being able to access them easily in the editor and page options.    They are widely & commonly used so why not?""",non-design,FP,0.17069500000000004,,
FAB,FAB-16449,Task,1,0.014621,0.5045,0,CONFSERVER,tls clientkey file is not available inside peer container launched with network launcher - mutual tls,"""--keyfile is not available inside peer container launched with network launcher - mutual tls. Unable to execute `peer channel list` command when mututal TLS is enabled.""",design,FN,0.48987899999999995,,
FAB,FAB-18108,Task,0,0.838364,0.5045,1,CONFSERVER,Improve follower.Chain flow control,"""Address remaining review comments [from this PR|[https://github.com/hyperledger/fabric/pull/1624]], especially those around the consolidation of the pullUntilJoin and pullAfterJoin methods. """,non-design,FP,0.33386400000000005,,
FAB,FAB-18187,Story,0,0.831628,0.5045,1,CONFSERVER,Back-porting Go Modules to 1.x,"""Is there any chance that the migration to go modules could be back-ported for the latest 1.x release (1.4.8 at the time of this writing)?    I want to write a chain code with the latest 1.x version, but really dislike the legacy package management of go and the need to manage $GOPATH and other env vars (personal preference).    If I understand it correctly all it would take is a single commit that adds a go.mod file on the 1.x branch and then a release of a minor version that gets tagged so go can pick it up as a version. Also happy to send a PR with this if people support the idea. Please advise.""",non-design,FP,0.3271280000000001,,
FAB,FAB-18131,Task,0,0.598394,0.5045,1,CONFSERVER,"Test removal of system channel on a network with channels, continue to manage with channel participation API","""Start a raft network with a system channel and some app channels.    Apply the procedure to remove the system channel.    Test channel participation api works - join a channel, remove a channel.""",non-design,FP,0.09389400000000003,,
FAB,FAB-18274,Task,0,0.796468,0.5045,1,CONFSERVER,"Integration test for orderer with system channel, orderer is config-tracker","""Add to an existing integration test for an orderer with a system channel where the orderer is not a member of the consenters set for a specific application channel. List the channel details and ensure the cluster relation is """"config-tracker"""" and the status is """"inactive"""". """,non-design,FP,0.291968,,
FAB,FAB-18120,Task,0,0.764186,0.5045,1,CONFSERVER,DevMode - Add integration test for DevMode using new lifecycle,"""Currently we don't have any integration or functional tests coverage for dev mode using new lifecycle.  In order to support the continued maintenance of devmode, and integration test should be added to verify the functionality remains working    Acceptance:  Have an integration test or functional test that demonstrate the following.  Client should be able to start the chaincode by itself, have it connect to the peer, and have the peer route invocations to it.  Client should be able to kill that process, swap in another, and have it work.""",non-design,FP,0.2596860000000001,,
FAB,FAB-18157,Story,0,0.774735,0.5045,1,CONFSERVER,"When instantiating chaincode with indices, peer should log if they already exist.","""Currently if a user instantiates a chaincode that specifies couch indices, the peer logs the following message:    ```    2020-08-13T13:34:15.582571949Z [34m2020-08-13 13:34:15.582 UTC [couchdb] CreateIndex -> INFO f69d1[0m Created CouchDB index [indexOwner] in state database [dummy_marbles] using design document [_design/indexOwnerDoc]   ```         However, if upgrading or instantiating new chaincode that uses the same index/indices, nothing is logged.  This has caused confusion as to whether the index already existed or there was some issue and it didn't get created at all.         The request is for a similar log message saying something like """"index [IndexOwner] in state database [dummy_marbles] already exists.""""  I suppose in the case where it already exists but has been modified, a similar """"modifying"""" message would be nice.         Not high priority, but I think it would help.  I didn't turn on debug logs, so maybe this does get logged at other logging levels?  If so, it's infrequent enough that I think moving it to info would be OK.     """,non-design,FP,0.270235,,
JRASERVER,JRASERVER-71704,Suggestion,1,0.02548,0.1045,0,CONFSERVER,Please add feature to create linked issues across JIRA Service Desk and JIRA software Application,"""Hi All,    Please add a feature to create linked issues across JIRA Service Desk and JIRA software Application    My post where I have described needed feature:    https://community.atlassian.com/t5/Jira-Service-Desk-questions/Create-linked-issue-feature-across-JIRA-ServiceDesk-and-JIRA/qaq-p/1396425#M53132""",design,FN,0.07901999999999999,,
JRASERVER,JRASERVER-71705,Suggestion,1,0.092126,0.1045,0,CONFSERVER,Cloning subtasks to another issue for Bulk Operation,"""Bulk Operation for subtasks only offers edit, move, transition, delete and watching.    What's missing is a handy function to clone a set of subtasks and select a target issue where they should be moved into.""",design,FN,0.012373999999999996,,
JRASERVER,JRASERVER-71554,Bug,1,0.003328,0.1045,0,CONFSERVER,"Running  /rest/agile/1.0/epic/none/issue without parameters on a jira instance can cause OOM,  high CPU and full GC","""h3. Issue Summary    [/rest/agile/1.0/epic/none/issue|https://docs.atlassian.com/jira-software/REST/7.3.1/#agile/1.0/epic-getIssuesWithoutEpic] pulls back all issues that don't have an epic, even though the results are paginated it appears the call itself is inefficient and can cause performance issues in JIRA. In an enterprise instance, this can be a lot of issues, leading to high memory usage, GC thrashing, high CPU and in some cases outofmemory errors. If you run more than one call at a time it can completely take down Jira forcing a full restart to kill the calls.  h3. Steps to Reproduce   # run /rest/agile/1.0/epic/none/issue on an instance with 500k+ issues (unsubstantiated it may be possible to affect a smaller instance with this call)    h3. Expected Results    The results will be returned without causing performance issues.  h3. Actual Results    *CPU and memory are maxed:*    !image-2020-09-16-16-06-35-840.png|thumbnail!   *Full GCs and OOM is possible in an Enterprise instance:*    !image-2020-09-15-09-34-42-548.png|thumbnail!  h3. Workaround    Adding parameters to the call will narrow down the search and thus the number of issues returned.    So instead of running the call without parameters, you could append a JQL search to narrow the total results:    # Results without parameters:        # Results with parameters:  """,design,FN,0.101172,,
JRASERVER,JRASERVER-69860,Suggestion,1,0.098236,0.1045,0,CONFSERVER,Issues may not be visible when using the REST API and pagination,"""In the following scenario, when running the following REST API query to return issues within a certain range of """"Updated"""" dates.    It'll return the following data, as example:  ||Key||Updated||  |SSD-1|01/Aug/2019|  |SSD-2|01/Aug/2019|  |SSD-3|01/Aug/2019|  |SSD-4|01/Aug/2019|  |SSD-5|01/Aug/2019|  |SSD-6|01/Aug/2019|  |SSD-7|01/Aug/2019|  |SSD-8|01/Aug/2019|  |SSD-9|01/Aug/2019|    When using {{maxResults=5}}, we have the following:    ||Key||Updated||  |SSD-1|01/Aug/2019|  |SSD-2|01/Aug/2019|  |SSD-3|01/Aug/2019|  |SSD-4|01/Aug/2019|  |SSD-5|01/Aug/2019|    Before browsing to page 2 (startAt=5), issue SSD-5 is modified, resulting in the Updated field to be changed, therefore, making this issue outside of the query scope.    Browsing to page 2, (startAt=5). We have the following output:    ||Key||Updated||  |SSD-7|01/Aug/2019|  |SSD-8|01/Aug/2019|  |SSD-9|01/Aug/2019|    Notice that SSD-6 is not visible in page 2, since SSD-5 was modified, SSD-6 shifted to the previous page.  h3. Expected behaviour    Jira should prevent this behaviour by making the returned issues consistent when using the REST API pagination.""",design,FN,0.006263999999999992,,
JRASERVER,JRASERVER-71685,Bug,1,0.005369,0.1045,0,CONFSERVER,Security improvements to the Velocity Uberspector,"""This ticket documents an improvement to the Velocity Uberspector's security, locking down which classes can be accessed. This change is a defence-in-depth against potential Remote Code Execution (RCE) and Injection attacks.    The versions which do not have this improvement are before version 8.12.3.    *Pre-improvement versions:*   * version < 8.12.3    *Improved versions:*   * 8.12.3   * 8.13.0   * 8.14.0""",design,FN,0.099131,,
JRASERVER,JRASERVER-71566,Suggestion,0,0.372053,0.1045,1,CONFSERVER,Allow unique URLs for Backlog Sprints,"""PM would like to have a unique URL generated for Sprints when they are created on the Backlog and not yet active.  As is stands they can be seen by going to the Backlog URL, but not as individual Sprints like active sprints can be accessed.""",non-design,FP,0.26755300000000004,,
JRASERVER,JRASERVER-71649,Suggestion,0,0.97028,0.1045,1,CONFSERVER,Add Scroll bar to Workfow Menu,"""The customer has a very long list that appears in the drop down menu in workflow. This forces the customer to use the browser scroll bar in the UI.     Ask    Add a scroll bar to the drop down menu list of items for a user friendly search.""",non-design,FP,0.86578,,
JRASERVER,JRASERVER-71576,Suggestion,0,0.990591,0.1045,1,CONFSERVER,"As a Data Center Administrator, I want to see more detailed and actionable reports in Clustering plugin","""*Problem definition*    JRASERVER-63548 brought us Cluster Monitoring Plugin that allows us to see cluster nodes, check their status and generate reports.  The plugin can be extended to provide more value.    *Suggested solutions*    - Show node version (like Jira 8.6, Jira 8.5; helpful during the zero-downtime upgrade)  - In Jira DC: split Custom Fields Indexing report into two separate tables; enrich the report, show the data on the chart.  - Add the cluster management feature: removing the node from the cluster, moving the node to an offline state. Currently available via Jira REST API.    Please share yours in the comment section.""",non-design,FP,0.886091,,
JRASERVER,JRASERVER-71720,Suggestion,0,0.521419,0.1045,1,CONFSERVER,An option to use advanced roadmaps teams as statistic type in Pie chart gadget,"""There are multiple options to use as statistic type but the teams from advanced roadmaps is not one of them, it could be really helpful to have that option.        """,non-design,FP,0.416919,,
JRASERVER,JRASERVER-71603,Suggestion,0,0.573111,0.1045,1,CONFSERVER,Add Service details to application.xml,"""Currently the application.xml contains a list of services but the only information displayed is the name, delay and last-run.    It would be great if we could have the same information we currently have in the Services listing during the Jira start up process, specially for mail handlers.    application.xml    Jira starting  """,non-design,FP,0.46861100000000006,,
JRASERVER,JRASERVER-71552,Suggestion,0,0.953691,0.1045,1,CONFSERVER,Validate Gravatar Server URLs,"""h3. Problem Definition    Per [https://jira.atlassian.com/browse/JRASERVER-35902], Jira supports custom Gravatar Server URLs so that administrators may configure their own custom Gravatar services.    At this time, Jira does not validate the URL that is provided. It is possible to provide an invalid URL, which Jira then uses to form the request endpoints for users' Gravatars, which can end up with error responses such as an HTTP 404.    h3. Suggested Solution     When the administrator provides a custom Gravatar URL, Jira should validate that it follows a valid URL structure and points to a valid service.  """,non-design,FP,0.8491909999999999,,
MESOS,MESOS-10147,Task,1,0.08986,0.0955,0,CONFSERVER,Introduce a new volume type `CSI` into the `Volume` protobuf message,"""See [here|https://docs.google.com/document/d/1NfWLS2OdiYjXZa2dpd_DOWOK4eou-SedY396Jl68s9Y/edit#heading=h.l7wa1w8789pg] for the detailed design.""",design,FN,0.005640000000000006,,
MESOS,MESOS-8106,Improvement,1,0.091882,0.0955,0,CONFSERVER,Docker fetcher plugin unsupported scheme failure message is not accurate.,"""https://github.com/apache/mesos/blob/1.4.0/src/uri/fetchers/docker.cpp#L843    This failure message is not accurate. For such a case, if the user/operator give a wrong credential to communicate to a BASIC auth based docker private registry. The authentication failed but the log is still saying: """"Unsupported auth-scheme: BASIC""""    """,design,FN,0.0036179999999999962,,
MESOS,MESOS-10062,Task,0,0.096494,0.0955,1,CONFSERVER,Implement relative path computation for stout,"""When using executor domain sockets, we might need to specify relative paths in order to stay below the path length limit of 108 characters.    To do so, we should implement a `path::relative_path()` function in stout that can compute the relative path between two directories.""",non-design,FP,0.0009939999999999949,,
MESOS,MESOS-10063,Task,0,0.210122,0.0955,1,CONFSERVER,Update default executor to call `LAUNCH_CONTAINER` to launch nested containers,"""The default executor will be updated to use the LAUNCH_CONTAINER call instead of the LAUNCH_NESTED_CONTAINER call when launching nested containers. This will allow the default executor to set task limits when launching its task containers.""",non-design,FP,0.114622,,
MESOS,MESOS-10039,Task,0,0.11989,0.0955,1,CONFSERVER,Let the default executor connect through a domain socket when available,"""We should implement code in the default executor that checks for the presence of the `MESOS_DOMAIN_SOCKET` environment variable, and if it is set attempts to use that for communication with the agent as opposed to trying to open a TCP connection.""",non-design,FP,0.024389999999999995,,
MESOS,MESOS-10069,Task,0,0.150402,0.0955,1,CONFSERVER,Consider modifying Process_BENCHMARK_ClientServer to compare socket performance on the new OpenSSL socket implementation,"""There is a pre-existing benchmark in the libprocess benchmarks.cpp file called {{Process_BENCHMARK_ClientServer}}.  We could have this benchmark make HTTPS connections en-masse as well, to check performance differences between the different implementations of our sockets.    We will have the following implementations:  * Libevent + OpenSSL (Posix & Windows)  * Libev + OpenSSL (Posix)  * Native Windows event loop + OpenSSL    Since the new OpenSSL socket defers work off onto libprocess worker threads, it will be interesting to see if performance improves or not.""",non-design,FP,0.054902000000000006,,
MESOS,MESOS-10017,Improvement,0,0.304477,0.0955,1,CONFSERVER,Log all reverse DNS lookup failures in 'legacy' TLS (SSL) hostname validation scheme.,"""There were being logged at VLOG(2):    https://github.com/apache/mesos/blob/1.9.0/3rdparty/libprocess/src/openssl.cpp#L859-L860    In the same spirit as MESOS-9340, we'd like to log all networking related errors as warnings and include any relevant information (IP address, etc).""",non-design,FP,0.208977,,
MESOS,MESOS-10016,Improvement,0,0.134854,0.0955,1,CONFSERVER,Add a benchmark for HierarchicalAllocatorProcess::updateAllocation(),"""We need a benchmark to capture regressions in the `updateAllocation()` method to avoid problems like described in https://issues.apache.org/jira/browse/MESOS-10015    Initial implementation (which led to filing MESOS-10015): https://reviews.apache.org/r/71639/""",non-design,FP,0.039354,,
MULE,MULE-14737,Task,1,0.14717,0.5045,0,CONFSERVER,MTF Implementation Phase 1,"""MTF Implementation Phase 1:  - Spec Docs  """,design,FN,0.3573299999999999,,
MULE,MULE-14687,Task,1,0.278912,0.5045,0,CONFSERVER,Use retry with backoff when moving from CPU-LITE to BLOCKING tread pool and pool is busy.,"""When running on a limited number of threads but the source is configured in such a way that the flow is easily overload retries performed by ProactorStreamProcessingStrategy when moving from CPU-LITE to BLOCKING tread pool fail (and log) repeatedly until IO pool has the room available.  Avoid this by using a backoff strategy. """,design,FN,0.22558799999999996,,
MULE,MULE-13471,Task,1,0.189313,0.5045,0,CONFSERVER,Migrate Integration Tests from JMS transport to JMS Extension,"""Migrate Tests from JMS transport to JMS Extension""",design,FN,0.31518699999999994,,
MULE,MULE-11788,Task,1,0.300315,0.5045,0,CONFSERVER,Spike on OAuth support for SDK,"""Spike on OAuth support for SDK""",design,FN,0.20418499999999995,,
MULE,MULE-14817,Task,1,0.264051,0.5045,0,CONFSERVER,Salesforce Connector Review - Phase 1,"""Salesforce Connector Review - Phase 1""",design,FN,0.24044899999999997,,
MULE,MULE-14718,Task,0,0.961171,0.5045,1,CONFSERVER,EmbeddedContainer should allow to define a reactor for resolving dependencies during deployment on lightweight packaged applications,"""This would be needed in order to support MTF for connectors. The jar for the connector will not be installed therefore the deployment for lightweight applications should provide a way define a reactor when deployment an application or domain.  There is already support on https://github.com/mulesoft/mule-maven-client/blob/master/mule-maven-client-api/src/main/java/org/mule/maven/client/api/MavenClient.java#L73 to pass as parameter a reactor that will be called before going to the local Maven repository and remote repositories. This also has been added to the class loader model loader https://github.com/mulesoft/mule/blob/mule-4.x/modules/deployment-model-impl/src/main/java/org/mule/runtime/module/deployment/impl/internal/maven/AbstractMavenClassLoaderModelLoader.java#L250 but we have to review if the definition of the reactor should come from the class loader model attributes or from the deployment properties.""",non-design,FP,0.45667100000000005,,
MULE,MULE-14713,Task,0,0.630343,0.5045,1,CONFSERVER,Fix provider config parameters so that it follows spec.,"""Check that the parameters in the extension complies with te ones defined in the specification. """,non-design,FP,0.12584300000000004,,
MULE,MULE-14809,Enhancement Request,0,0.806841,0.5045,1,CONFSERVER,Override Secure Properties From Anypoint Runtime Manager Properties,"""Replacing mule-credential-vault with secure-properties in Mule 4, made lookup properties from $\{key} to $\{secure::key}.     This update makes overriding from Anypoint Runtime Manager """"Properties"""" tab impossible, and it means we can only change the property value by rebuild/redeploy application.""",non-design,FP,0.3023410000000001,,
MULE,MULE-14793,Enhancement Request,0,0.912679,0.5045,1,CONFSERVER,enable WSC to override the content-type of the outgoing request,"""*Enable WSC to override the content-type of the outgoing request*    In most situations the WS Consumer configures the Content-Type correct to the WSDL but since SOAP web services are not that fancy, sometimes its required to override the content-type of the request because the service expects something else.    """,non-design,FP,0.40817900000000007,,
MULE,MULE-14716,Task,0,0.769629,0.5045,1,CONFSERVER,Review and fix exported classes and api/internal arrangement,"""There are some exported classes needed for the module tests to run. I think there is another way that allows the test to run successfully without exporting internal classes.    The same happens to classes that are in api and should be internal.""",non-design,FP,0.26512900000000006,,
MULE,MULE-14786,Enhancement Request,0,0.950169,0.5045,1,CONFSERVER,Refactor tests httpClient,"""The tests were migrated from 3.x and they can be refactored in order to be more understandable and clean""",non-design,FP,0.4456690000000001,,
NEXUS,NEXUS-25095,Improvement,1,0.165016,0.25,0,CONFSERVER,update reverse proxy example configurations to include RFC 7239 Forwarded header,"""RFC 7239 uses the more formalized standard way to inform a web server how it is being reverse proxied using {{Forwarded}} HTTP header:    [https://tools.ietf.org/html/rfc7239]    NXRM has historically supported the non-standard X-Forwarded headers to help support integrations with reverse proxy servers.    NXRM has upgraded Eclipse Jetty from 9.4.18.v20190429 to 9.4.30.v20200611 between NXRM version 3.25.1 to 3.26.0. ( NEXUS-24327 ). The newer version of Jetty [has included changes|https://github.com/eclipse/jetty.project/blob/jetty-9.4.x/VERSION.txt] ( attempts to fix reported bugs against Jetty ) to how X-Forwarded headers are being handled.    Some customers who upgrade NXRM to 3.26.0 or newer have reported problems with unique combinations of X-Forwarded headers where those headers were working in previous NXRM versions. Of note [AWS classic load balancers do set X-Forwarded-Port|https://docs.aws.amazon.com/elasticloadbalancing/latest/classic/x-forwarded-headers.html#x-forwarded-port], and when combined with X-Forwarded-For headers, may cause NXRM requests to fail with a 400 response. Sonatype is not documenting AWS load balancer config examples, pointing at NXRM, but customers do report it is possible to make work.    For example this combination of request headers will cause NXRM 3.26.0 to return 400 error status, where in previous versions it did not.    The solution is removing the {{X-Forwarded-Port}} header for this example, or use a well formatted {{Forwarded}} header instead. For example:    Eclipse Jetty, like virtually all other containers and web servers [have transitioned to supporting the more standard RFC 7239|https://github.com/eclipse/jetty.project/issues/185] ( single Forwarded header ) . Use of X-Forwarded-* headers is being discouraged. There is decent summary opinion to that effect from one Jetty developer here:    [https://github.com/eclipse/jetty.project/issues/3782#issuecomment-502188986]    Sonatype does not test all permutations of X-Forwarded headers - we rely on Jetty [to test advanced permutations|https://github.com/eclipse/jetty.project/blob/jetty-9.4.x/jetty-server/src/test/java/org/eclipse/jetty/server/ForwardedRequestCustomizerTest.java] while expecting [our documented recommended best practice reverse proxy example configurations to remain accurate|https://help.sonatype.com/repomanager3/installation/run-behind-a-reverse-proxy#RunBehindaReverseProxy-Apachehttpd.2]. Even the advanced permutations are best effort by Jetty project, since _there is no standard_.    Now that support for RFC 7239 is gaining momentum and Eclipse Jetty project is committed to that standard, NXRM customers should be moving to using the now more standard Forwarded header in their reverse proxy configurations.  h4. Expected    Expand NXRM reverse proxy example configurations to include mention and examples on RFC 7239 usage.""",design,FN,0.084984,,
NEXUS,NEXUS-24860,Improvement,1,0.18694,0.25,0,CONFSERVER,Favorites Tab for Repositories,"""Feature request to group and remove repositories from a """"Favorites""""-like section of the UI.    We find that when working on a project using a specific format, it becomes tedious to filter a repository name every time we need to access the UI. If we can add repositories to a location in the UI where we only see a certain group of repositories, it would make using Nexus 3 easier.""",design,FN,0.06306,,
NEXUS,NEXUS-24990,Improvement,1,0.082749,0.25,0,CONFSERVER,"Upgrade capability always transfers user config, even if you ask it not to","""I'm trying to upgrade from Nexus 2.14.18 to Nexus 3.26.1; I only want to transfer repository contents, however: our old server has a lot of bad config and unnecessary user accounts that I don't want on the new server.    However, during the upgrade process, even if I check only """"Repository configuration and content"""" and do not check """"Server configuration"""", the PREPARE phase still lists steps such as:   * """"Upgrade configuration: security.target-privileges""""   * """"Upgrade configuration: security.users""""   * """"Upgrade configuration: security.roles"""", and   * """"Upgrade configuration: security.user-role-mappings""""    I don't want those to transfer, that's why I unchecked the """"Server configuration"""" box in the first place. Obviously, I can just let the upgrade complete and then delete the extra users and roles after-the-fact, but, this still seems like a bug.         !image-2020-08-20-12-34-33-579.png!    !image-2020-08-20-12-34-55-760.png!""",design,FN,0.16725099999999998,,
NEXUS,NEXUS-25118,Improvement,0,0.599248,0.25,1,CONFSERVER,Conan Group support,"""Allow users to group Conan repositories.         Note this feature exists experimentally on a branch of the conan plugin but is not officially supported yet. See [https://github.com/sonatype-nexus-community/nexus-repository-conan/tree/conan-group]""",non-design,FP,0.349248,,
NEXUS,NEXUS-25154,Improvement,0,0.985696,0.25,1,CONFSERVER,Retrieve NuGet API Key via REST,"""Currently the [NuGet API Key|#DeployingPackagestoNuGetHostedRepositories-AccessingyourNuGetAPIKey]] can only be retrieved manually via the User menu.    We have automated pipelines that provisioning user's/team's tools, and having to manually retrieve the NuGet API Key throws a wrench into an otherwise fully-automated process.    *Example*    Similar to [Nexus IQ's User Token REST API|[https://help.sonatype.com/iqserver/automating/rest-apis/user-token-rest-api---v2]] (albeit keeping the conventions of NXRM's API), there could be an endpoint:     The design of this would likely be influenced by whatever comes of NEXUS-12653.       ----  This is similar to NEXUS-12653 and NEXUS-21354.""",non-design,FP,0.735696,,
NEXUS,NEXUS-25275,Improvement,0,0.506052,0.25,1,CONFSERVER,improve docker repository human readable error response messages,"""Docker API calls into Docker format NXRM repositories may returned errors. NXRM does not always include a useful human readable message or suitable error code.    h4. One Example Case Where Code and Message may be improved    Configure the new Docker group repository docker-group with two members    1. docker-hosted hosted repo with Deployment policy read only  2. docker-proxy repo pointing at the official registry    Make the Writable Repository of the group the docker-hosted repo.    Add Docker Bearer Token Realm to Active realms.    Using a docker client:    docker login to the group repository    {{docker login 192.168.2.73:9933}}    docker pull the latest hello-world image from the official docker registry and tag it for upload to group repo:        Try to push to the docker-group - this fails as expected, but with a very poor error message that will cause confusion to the end user.        The error message is displayed this way because of how NXRM responded to the manifest PUT request:        A slight tweak to the response payload to look like this instead:        Gives a much better user experience:        From https://docs.docker.com/registry/spec/api/#errors :    {quote}  The code field will be a unique identifier, all caps with underscores by convention. *The message field will be a human readable string.* The optional detail field may contain arbitrary json data providing information the client can use to resolve the issue.  {quote}    Supported error codes are documented here:     https://docs.docker.com/registry/spec/api/#errors-2    h4. Expected    Respond to docker errors with a more useful message suitable for end user consumption. This will help avoid support tickets and create a better user experience.""",non-design,FP,0.25605199999999995,,
NEXUS,NEXUS-25505,Improvement,0,0.645,0.25,1,CONFSERVER,Update 'Relocating Blob Stores' for S3,"""*Background*    Whenever customers clone a production NXRM (e.g. to test a backup, as part of DR, or to use a copy for scalability testing), the clone will be pointing to the same S3 blob stores as the original. This creates a dangerous situation where a test instance may be pointing to a production S3 bucket.    *Acceptance*  * Develop a procedure for safely redefining S3 blob stores to point to different S3 buckets  * Ideally while NXRM is offline (so there's no race to redefine anything before NXRM starts cleanup or whatever)  * Update https://support.sonatype.com/hc/en-us/articles/235816228-Relocating-Blob-Stores  """,non-design,FP,0.395,,
NEXUS,NEXUS-24858,Improvement,0,0.394172,0.25,1,CONFSERVER,Allow `Repair - Reconcile component database from blob store` task for NuGet,"""As an administrator of Nexus Repository Manager 3, if I find my database out of sync with my blob store or in need of repair and I use NuGet, I would like the `Repair - Reconcile component database from blob store` to include the NuGet format.""",non-design,FP,0.14417200000000002,,
NEXUS,NEXUS-25200,Improvement,0,0.318848,0.25,1,CONFSERVER,Helm v3 Support,"""https://github.com/sonatype-nexus-community/nexus-repository-helm/issues/141""",non-design,FP,0.06884800000000002,,
SERVER,SERVER-51780,Task,1,0.110288,0.2409,0,CONFSERVER,"""Architecture Guide updates for Close feature gap in slot-based execution for find""","""""""Please investigate if this project requires changes to the architecture guide.""""""",design,FN,0.130612,,
SERVER,SERVER-51761,Task,1,0.00789,0.2409,0,CONFSERVER,"""Architecture Guide updates for Scrub Topology Errors""","""""""Please investigate if this project requires changes to the architecture guide.""""""",design,FN,0.23301,,
SERVER,SERVER-51782,Task,1,0.198521,0.2409,0,CONFSERVER,"""Architecture Guide updates for Support $jsonSchema and all MQL expressions in SBE""","""""""Please investigate if this project requires changes to the architecture guide.""""""",design,FN,0.042379,,
SERVER,SERVER-51716,Bug,1,0.001817,0.2409,0,CONFSERVER,"""Make computed_projections.js more robust""","""""""The computed_projections.js test checks the internalQueryEnableSlotBasedExecutionEngine setting and enables a failpoint, but it is not necessary for either of these operations to succeed for the test to run and provide meaningful coverage.    Let's allow them to fail without failing the test.""""""",design,FN,0.239083,,
SERVER,SERVER-51403,Task,1,0.20324,0.2409,0,CONFSERVER,"""Create concurrency suite with background operation metrics collection""",,design,FN,0.03766,,
SERVER,SERVER-51757,Improvement,1,0.014973,0.2409,0,CONFSERVER,"""Collect /proc/vmstat numa_pages_migrated statistics in FTDC""","""""""FTDC already collects different vmstat metrics, this new requested stat {{vmstat numa_pages_migrated}} will help us to tackle numa related issues  """"""",design,FN,0.225927,,
SERVER,SERVER-51662,New Feature,0,0.953472,0.2409,1,CONFSERVER,"""Add matcher helper to match request BSON object""","""""""It's common to match the <USER>of a request, like { """"""""find"""""""": """"""""oplog.rs"""""""" }, we need to make that easier. We could integrate query expression matcher to the mock framework. It may look like    """"""",non-design,FP,0.712572,,
SERVER,SERVER-51653,New Feature,0,0.703444,0.2409,1,CONFSERVER,"""Ban uses of unstable command parameters with apiStrict: true""","""""""In the """"""""API Version Testing"""""""" project we added a boolean field """"""""unstable"""""""" to <USER>command parameters in the IDL for API Version 1 commands. Unstable parameters are not guaranteed to be backward-compatible, even though they are parameters of V1 commands. We plan to use the """"""""unstable"""""""" field only when comparing old and new releases' IDL definitions of V1 commands; we'll ignore incompatible changes to unstable <USER>    However, [~<USER> makes a good suggestion: at runtime, ban the use of unstable parameters in client requests that include apiStrict: true.  """"""",non-design,FP,0.46254399999999996,,
SERVER,SERVER-51654,New Feature,0,0.352638,0.2409,1,CONFSERVER,"""Validate unstable parameters in create, createIndexes and find commands when apiStrict:true""",,non-design,FP,0.111738,,
SERVER,SERVER-51712,Improvement,0,0.550721,0.2409,1,CONFSERVER,"""Allow fail points to be defined in IDL""","""""""Our fail points take in a schema-less BSON data object (see [here|https://github.com/mongodb/mongo/blob/99ea336e991ea9dfccca8f788a2cdb8bd06b1f18/src/mongo/util/fail_point_test.cpp#L146]). This means that to understand how to specify a fail point, both SERVER and DRIVERS engineers have no choice but to read the code where the fail point is used. We can leverage IDL to optionally enforce a strict schema on fail points instead.    """"""",non-design,FP,0.309821,,
SERVER,SERVER-51668,Task,0,0.539724,0.2409,1,CONFSERVER,"""add global resource consumption metrics to serverStatus""","""""""Add the following globally-aggregated metrics to serverStatus:    These <USER>will only be displayed if the {{aggregateOperationResourceConsumptionMetrics}} setParameter is true.""""""",non-design,FP,0.298824,,
SERVER,SERVER-51710,Improvement,0,0.933057,0.2409,1,CONFSERVER,"""Allow struct-like IDL ServerParameters""","""""""Command IDL files allow a struct-like form via the """"""""<USER>"""""" field (see [here|https://github.com/mongodb/mongo/blob/056624cfe3f03d873df0a19f403570b772afa295/src/mongo/db/commands/kill_operations.idl#L41-L44]). We should support something similar for {{ServerParameter}} IDL files. In the current state, the closest that can be done is an IDL struct that is explicitly used as the cpp_type (see [here|https://github.com/mongodb/mongo/blob/056624cfe3f03d873df0a19f403570b772afa295/src/mongo/db/mirror_maestro.idl#L36-L64]). We can make this pattern easier and have more powerful, more documented {{ServerParameter}} files in the process.""""""",non-design,FP,0.692157,,
TIMOB,TIMOB-28086,Improvement,1,0.163662,0.1864,0,CONFSERVER,"Android: Update ""Toolbar"" to support material theme","""*Summary:*  Our [Ti.UI.Toolbar|https://docs.<USER>com/platform/latest/#!/api/Titanium.UI.Toolbar] is currently using the Java [androidx.appcompat.widget.Toolbar|https://developer.android.com/reference/androidx/appcompat/widget/Toolbar] class. It should be updated to use the newer [MaterialToolbar|https://developer.android.com/reference/com/google/android/material/appbar/MaterialToolbar] class. The newer class supports the material theme.    In the future, it can also be used by an [AppBarLayout|https://developer.android.com/reference/com/google/android/material/appbar/AppBarLayout] as described by ticket [TIMOB-26825] which allows the top to be hidden within a {{ScrollView}} while scrolling.    *To-Do:*  We must replace our usage below...  * [TiToolbar.java|https://github.com/<USER>titanium_mobile/blob/master/android/modules/ui/src/java/ti/modules/titanium/ui/widget/TiToolbar.java]  * [titanium_ui_drawer_layout.xml|https://github.com/<USER>titanium_mobile/blob/master/android/modules/ui/res/layout/titanium_ui_drawer_layout.xml]  * [titanium_ui_toolbar.xml|https://github.com/<USER>titanium_mobile/blob/master/android/modules/ui/res/layout/titanium_ui_toolbar.xml]    *Breaking-Change:*  The app must use a """"Theme.MaterialComponents"""" based theme or else an exception will occur. So, app's using a custom theme based from """"Theme.AppCompat"""" or similar will crash. This is normal and the exception will state that the theme will need to change.""",design,FN,0.022738000000000008,,
TIMOB,TIMOB-28083,Improvement,1,0.055919,0.1864,0,CONFSERVER,Android: Update dialogs to support material theme,"""*Summary:*  We should replace our usage of """"AlertDialog.Builder"""" to """"MaterialAlertDialogBuilder"""" so that our Android dialogs can support """"Theme.MaterialComponents"""" based themes.  https://material.io/develop/android/components/dialogs    This effects the following Titanium APIs:  * [alert()|https://docs.<USER>com/platform/latest/#!/api/Global-method-alert]  * [Ti.UI.AlertDialog|https://docs.<USER>com/platform/latest/#!/api/Titanium.UI.AlertDialog]  * [Ti.UI.OptionDialog|https://docs.<USER>com/platform/latest/#!/api/Titanium.UI.OptionDialog]  * [Ti.UI.Android.ProgressIndicator|https://docs.<USER>com/platform/latest/#!/api/Titanium.UI.Android.ProgressIndicator] using the dialog style    *Breaking-Change:*  The app must use a """"Theme.MaterialComponents"""" based theme or else an exception will occur. So, app's using a custom theme based from """"Theme.AppCompat"""" or similar will crash. This is normal and the exception will state that the theme will need to change.  """,design,FN,0.130481,,
TIMOB,TIMOB-28058,Improvement,0,0.996725,0.1864,1,CONFSERVER,"Android: Change Ti.Filesystem ""temp"" APIs to use app's cache folder","""*Summary:*  The following APIs need to use app's scoped storage and avoid external storage.  * Ti.Filesystem.createTempDirectory()  * Ti.Filesystem.createTempFile()  * Ti.Filesystem.tempDirectory    *Note 1:*  We should write temp files according to Google's docs in the link below. They expect us to explicitly set the temp directory to the app's cache directory.  https://developer.android.com/training/data-storage/app-specific#internal-create-cache    *Note 2:*  Our {{Ti.Filesystem.tempDirectory}} property return...      Our {{Ti.Filesystem.createTempFile()}} and {{Ti.Filesystem.createTempDirectory()}} methods should change their base directory to the below to avoid collision with the above folder.      *Note 3:*  Our [TiTempFileHelper.java|https://github.com/<USER>titanium_mobile/blob/master/android/runtime/common/src/java/org/<USER>kroll/util/TiTempFileHelper.java] code (used to acquire a temp directory path) will use {{getExternalCacheDir()}} or {{getCacheDir()}} depending on if it has access to external storage or not. This may not be a good idea since the temp directory can suddenly change at runtime due to...  * End-user granting permission, making it dynamically switch to external storage.  * End-user ejects SD card, which makes temp path switch to internal storage.    It would be better for the path to be consistent for the app's lifetime. So, it should be hardcoded to internal storage via {{getCacheDir()}} like Google's examples.    *Note 4:*  Our HTTP response cache should favor internal storage's cache directory for improved security/privacy. That is what Google suggests in the link below and is what the Chrome browser app does. External storage is best used for large files intended to be shared (like downloaded files).  https://developer.android.com/reference/android/net/http/HttpResponseCache    If we do this, then we can remove our {{startExternalStorageMonitor()}} related code in [TiApplication.java|https://github.com/<USER>titanium_mobile/blob/master/android/titanium/src/java/org/<USER>titanium/TiApplication.java] and hard-code our {{TiResponseCache}} to always be the default. This means HTTP response caching will alway be enabled, even if you don't have external storage permission.  """,non-design,FP,0.810325,,
TIMOB,TIMOB-28078,New Feature,0,0.996758,0.1864,1,CONFSERVER,iOS14: Expose new APIs Titanium.Network.HTTPClient which will require while accessing local http server,"""In iOS 14, Due to local network access prompt it may be that request get failed while waiting for user's permission. See more detail in WWDC video https://developer.apple.com/videos/play/wwdc2020/10110/.   In titanium, we need to provide APIs corresponding to [waitsForConnectivity|https://developer.apple.com/documentation/foundation/urlsessionconfiguration/2908812-waitsforconnectivity]   and [timeoutIntervalForResource |https://developer.apple.com/documentation/foundation/urlsessionconfiguration/1408153-timeoutintervalforresource]""",non-design,FP,0.810358,,
TIMOB,TIMOB-28104,New Feature,0,0.90031,0.1864,1,CONFSERVER,iOS: Support new date picker styles from iOS 13.4 and iOS 14,"""iOS 13.4 and 14 are introducing new date picker styles (automatic, wheels, compact and inline). Titanium does not support those so far. Example:    {code:js}  var win = Ti.UI.createWindow({   backgroundColor: '#fff'  });    var picker = Ti.UI.createPicker({   type: Ti.UI.PICKER_TYPE_DATE,   datePickerStyle: Ti.UI.iOS.DATE_PICKER_STYLE_INLINE  });    win.add(picker);  win.open();  {code}    See the attachment for details!  """,non-design,FP,0.71391,,
TIMOB,TIMOB-28183,Improvement,0,0.97909,0.1864,1,CONFSERVER,Android: Add Ti.Media.requestPhotoGalleryPermissions() support,"""*Summary:*  We should add the following methods on Android for parity with iOS...  * [Ti.Media.requestPhotoGalleryPermissions()|https://docs.<USER>com/platform/latest/#!/api/Titanium.Media-method-requestPhotoGalleryPermissions]  * [Ti.Media.hasPhotoGalleryPermissions()|https://docs.<USER>com/platform/latest/#!/api/Titanium.Media-method-hasPhotoGalleryPermissions]    *Functionality:*  On Android 9 and below, these methods should check if the app has {{WRITE_EXTERNAL_STORAGE}} permission.    On Android 10 and above, these methods should always return {{true}} since we do not need write permission to save a photo/video to the gallery once [TIMOB-28059] has been implemented. Google documents this here...  https://developer.android.com/training/camera/photobasics#TaskPath    *Note:*  Currently, Titanium app developers must use the [Ti.Filesystem.requestStoragePermissions()|https://docs.<USER>com/platform/latest/#!/api/Titanium.Filesystem-method-requestStoragePermissions] and [Ti.Filesystem.hasStoragePermissions()|https://docs.<USER>com/platform/latest/#!/api/Titanium.Filesystem-method-hasStoragePermissions] methods before saving to the gallery. This is okay, but we don't need to check for {{WRITE_EXTERNAL_STORAGE}} permission on Android 10 and above when saving to the gallery. We also don't want to change the [Ti.Filesystem.requestStoragePermissions()|https://docs.<USER>com/platform/latest/#!/api/Titanium.Filesystem-method-requestStoragePermissions] method's implementation since it's still needed in case you want to write to other locations on external storage.  """,non-design,FP,0.79269,,
TIMOB,TIMOB-28071,Improvement,0,0.963995,0.1864,1,CONFSERVER,iOS: Use new build system in module build,"""In Xcode 12 , Apple has deprecated 'Legacy Build System'. In titanium module build 'Legacy Build System' is still used. See [here|https://github.com/<USER>titanium_mobile/blob/59f313aef87d3ea3492b3216cacec7900dc7a6b7/iphone/cli/commands/_buildModule.js#L465]. Update to use  'New Build System'.""",non-design,FP,0.777595,,
TIMOB,TIMOB-28041,Story,0,0.953459,0.1864,1,CONFSERVER,Merge titanium-mobile-mocha-suite into titanium_mobile,"""We split out the test suite so that it could be used between iOS/Android (titanium_mobile) and Windows (titanium_mobile_windows). Given that Windows is dead, we should consider making our lives much easier and folding the test suite and tooling directly into the SDK repo (titanium_mobile). We would avoid the need to migrate tests back and forth and maintain branches/fixes on both repos.""",non-design,FP,0.7670589999999999,,
